order_id,sku_id,qty,ordered_at
ORD-0001,SKU-013,4,2026-08-03 11:00
ORD-0001,SKU-006,12,2026-08-01 10:00
ORD-0001,SKU-019,8,2026-08-26 10:00
ORD-0001,SKU-020,4,2026-08-16 17:00
ORD-0002,SKU-018,2,2026-08-01 06:00
ORD-0002,SKU-026,12,2026-08-21 09:00
ORD-0003,SKU-024,8,2026-08-14 12:00
ORD-0003,SKU-027,8,2026-08-01 14:00
ORD-0003,SKU-007,1,2026-08-08 16:00
ORD-0003,SKU-009,2,2026-08-27 10:00
ORD-0003,SKU-002,8,2026-08-12 20:00
ORD-0004,SKU-019,4,2026-08-17 19:00
ORD-0004,SKU-027,8,2026-08-17 10:00
ORD-0004,SKU-018,1,2026-08-17 06:00
ORD-0004,SKU-028,2,2026-08-06 06:00
ORD-0004,SKU-025,4,2026-08-06 10:00
ORD-0004,SKU-016,2,2026-08-04 07:00
ORD-0005,SKU-022,2,2026-08-18 21:00
ORD-0005,SKU-026,4,2026-08-18 07:00
ORD-0005,SKU-008,1,2026-08-02 09:00
ORD-0006,SKU-015,2,2026-08-25 08:00
ORD-0006,SKU-015,1,2026-08-17 12:00
ORD-0006,SKU-023,1,2026-08-17 21:00
ORD-0006,SKU-017,8,2026-08-23 14:00
ORD-0006,SKU-030,2,2026-08-07 20:00
ORD-0007,SKU-014,1,2026-08-15 16:00
ORD-0007,SKU-003,4,2026-08-14 08:00
ORD-0008,SKU-022,1,2026-08-04 10:00
ORD-0008,SKU-023,2,2026-08-12 10:00
ORD-0009,SKU-029,1,2026-08-15 13:00
ORD-0009,SKU-024,12,2026-08-13 21:00
ORD-0009,SKU-006,12,2026-08-27 13:00
ORD-0010,SKU-023,2,2026-08-17 18:00
ORD-0010,SKU-011,2,2026-08-12 16:00
ORD-0011,SKU-024,2,2026-08-11 20:00
ORD-0012,SKU-023,1,2026-08-11 15:00
ORD-0012,SKU-017,12,2026-08-04 13:00
ORD-0012,SKU-029,1,2026-08-09 14:00
ORD-0012,SKU-002,8,2026-08-06 14:00
ORD-0013,SKU-027,2,2026-08-22 14:00
ORD-0013,SKU-013,1,2026-08-17 21:00
ORD-0014,SKU-011,1,2026-08-02 11:00
ORD-0014,SKU-014,8,2026-08-09 06:00
ORD-0014,SKU-021,1,2026-08-09 08:00
ORD-0014,SKU-020,8,2026-08-03 14:00
ORD-0014,SKU-028,1,2026-08-01 16:00
ORD-0014,SKU-018,2,2026-08-09 10:00
ORD-0015,SKU-017,4,2026-08-04 11:00
ORD-0016,SKU-002,1,2026-08-10 15:00
ORD-0016,SKU-017,4,2026-08-10 20:00
ORD-0016,SKU-017,4,2026-08-09 17:00
ORD-0017,SKU-009,1,2026-08-01 12:00
ORD-0018,SKU-016,1,2026-08-15 09:00
ORD-0018,SKU-022,4,2026-08-14 21:00
ORD-0018,SKU-018,4,2026-08-13 15:00
ORD-0018,SKU-023,1,2026-08-08 16:00
ORD-0018,SKU-007,4,2026-08-23 10:00
ORD-0019,SKU-012,12,2026-08-27 10:00
ORD-0019,SKU-001,1,2026-08-24 14:00
ORD-0019,SKU-014,1,2026-08-03 18:00
ORD-0019,SKU-028,2,2026-08-10 13:00
ORD-0020,SKU-010,1,2026-08-06 11:00
ORD-0020,SKU-009,2,2026-08-09 17:00
ORD-0020,SKU-011,12,2026-08-18 16:00
ORD-0020,SKU-008,1,2026-08-10 12:00
ORD-0020,SKU-012,1,2026-08-11 18:00
ORD-0020,SKU-003,2,2026-08-17 12:00
ORD-0021,SKU-017,4,2026-08-03 14:00
ORD-0021,SKU-027,1,2026-08-13 07:00
ORD-0022,SKU-001,1,2026-08-21 13:00
ORD-0022,SKU-003,2,2026-08-17 10:00
ORD-0022,SKU-022,8,2026-08-26 18:00
ORD-0022,SKU-025,1,2026-08-16 10:00
ORD-0023,SKU-024,2,2026-08-05 07:00
ORD-0023,SKU-027,4,2026-08-17 19:00
ORD-0023,SKU-024,4,2026-08-17 10:00
ORD-0024,SKU-025,2,2026-08-27 06:00
ORD-0024,SKU-027,4,2026-08-26 13:00
ORD-0024,SKU-003,1,2026-08-05 17:00
ORD-0024,SKU-004,2,2026-08-15 07:00
ORD-0024,SKU-021,1,2026-08-18 13:00
ORD-0025,SKU-009,1,2026-08-26 08:00
ORD-0025,SKU-024,8,2026-08-18 08:00
ORD-0025,SKU-022,2,2026-08-24 21:00
ORD-0025,SKU-009,4,2026-08-28 14:00
ORD-0026,SKU-024,4,2026-08-08 20:00
ORD-0026,SKU-016,4,2026-08-03 21:00
ORD-0027,SKU-010,4,2026-08-20 12:00
ORD-0027,SKU-003,2,2026-08-11 14:00
ORD-0027,SKU-021,4,2026-08-10 10:00
ORD-0027,SKU-001,2,2026-08-16 14:00
ORD-0027,SKU-022,1,2026-08-07 21:00
ORD-0027,SKU-010,4,2026-08-10 20:00
ORD-0028,SKU-015,4,2026-08-18 12:00
ORD-0028,SKU-010,12,2026-08-16 06:00
ORD-0028,SKU-010,2,2026-08-27 20:00
ORD-0028,SKU-009,2,2026-08-07 08:00
ORD-0029,SKU-003,1,2026-08-17 14:00
ORD-0029,SKU-012,1,2026-08-27 14:00
ORD-0029,SKU-029,1,2026-08-12 13:00
ORD-0029,SKU-016,8,2026-08-16 18:00
ORD-0029,SKU-001,1,2026-08-16 20:00
ORD-0030,SKU-010,4,2026-08-14 17:00
ORD-0030,SKU-013,1,2026-08-27 16:00
ORD-0030,SKU-001,1,2026-08-11 18:00
ORD-0030,SKU-004,8,2026-08-07 06:00
ORD-0031,SKU-010,1,2026-08-03 18:00
ORD-0031,SKU-013,12,2026-08-19 08:00
ORD-0031,SKU-012,8,2026-08-25 14:00
ORD-0031,SKU-028,1,2026-08-04 07:00
ORD-0031,SKU-027,4,2026-08-21 10:00
ORD-0031,SKU-008,12,2026-08-14 16:00
ORD-0032,SKU-025,2,2026-08-14 06:00
ORD-0032,SKU-026,4,2026-08-13 12:00
ORD-0033,SKU-003,1,2026-08-24 19:00
ORD-0033,SKU-015,2,2026-08-05 15:00
ORD-0033,SKU-016,1,2026-08-18 10:00
ORD-0033,SKU-006,2,2026-08-11 15:00
ORD-0033,SKU-010,1,2026-08-24 14:00
ORD-0033,SKU-013,4,2026-08-10 21:00
ORD-0034,SKU-022,2,2026-08-06 11:00
ORD-0034,SKU-003,1,2026-08-26 21:00
ORD-0034,SKU-018,1,2026-08-11 20:00
ORD-0034,SKU-014,1,2026-08-07 13:00
ORD-0034,SKU-003,1,2026-08-18 08:00
ORD-0035,SKU-008,2,2026-08-26 12:00
ORD-0035,SKU-029,1,2026-08-28 19:00
ORD-0035,SKU-013,2,2026-08-17 12:00
ORD-0036,SKU-009,1,2026-08-02 21:00
ORD-0036,SKU-009,2,2026-08-12 10:00
ORD-0036,SKU-022,2,2026-08-21 12:00
ORD-0036,SKU-003,1,2026-08-08 18:00
ORD-0037,SKU-021,2,2026-08-10 06:00
ORD-0037,SKU-005,1,2026-08-23 21:00
ORD-0037,SKU-019,2,2026-08-03 18:00
ORD-0037,SKU-030,8,2026-08-27 20:00
ORD-0038,SKU-008,4,2026-08-08 10:00
ORD-0038,SKU-005,2,2026-08-22 09:00
ORD-0038,SKU-027,4,2026-08-21 20:00
ORD-0038,SKU-003,2,2026-08-02 06:00
ORD-0039,SKU-008,2,2026-08-02 15:00
ORD-0039,SKU-005,2,2026-08-17 19:00
ORD-0040,SKU-025,1,2026-08-03 15:00
ORD-0040,SKU-017,8,2026-08-07 18:00
ORD-0040,SKU-009,1,2026-08-20 06:00
ORD-0040,SKU-001,2,2026-08-15 14:00
ORD-0040,SKU-011,2,2026-08-08 21:00
ORD-0040,SKU-017,1,2026-08-08 06:00
ORD-0041,SKU-023,2,2026-08-02 06:00
ORD-0041,SKU-007,2,2026-08-22 19:00
ORD-0041,SKU-003,1,2026-08-22 19:00
ORD-0041,SKU-030,2,2026-08-16 07:00
ORD-0042,SKU-011,4,2026-08-12 18:00
ORD-0042,SKU-007,1,2026-08-10 08:00
ORD-0042,SKU-007,2,2026-08-07 15:00
ORD-0042,SKU-025,4,2026-08-08 20:00
ORD-0042,SKU-008,1,2026-08-10 09:00
ORD-0042,SKU-020,2,2026-08-06 13:00
ORD-0043,SKU-014,8,2026-08-02 10:00
ORD-0043,SKU-030,2,2026-08-07 06:00
ORD-0043,SKU-020,1,2026-08-02 07:00
ORD-0043,SKU-006,2,2026-08-23 16:00
ORD-0044,SKU-004,12,2026-08-06 16:00
ORD-0044,SKU-007,1,2026-08-17 20:00
ORD-0044,SKU-002,1,2026-08-24 18:00
ORD-0044,SKU-027,2,2026-08-11 20:00
ORD-0044,SKU-006,1,2026-08-03 14:00
ORD-0044,SKU-003,2,2026-08-04 12:00
ORD-0045,SKU-012,4,2026-08-10 19:00
ORD-0045,SKU-003,1,2026-08-16 12:00
ORD-0045,SKU-012,2,2026-08-15 12:00
ORD-0045,SKU-011,2,2026-08-16 06:00
ORD-0046,SKU-014,1,2026-08-21 18:00
ORD-0046,SKU-002,2,2026-08-15 08:00
ORD-0046,SKU-026,8,2026-08-09 12:00
ORD-0046,SKU-024,1,2026-08-20 16:00
ORD-0046,SKU-012,1,2026-08-20 07:00
ORD-0046,SKU-009,4,2026-08-23 16:00
ORD-0047,SKU-010,1,2026-08-25 08:00
ORD-0047,SKU-001,4,2026-08-04 21:00
ORD-0047,SKU-023,12,2026-08-25 18:00
ORD-0048,SKU-030,2,2026-08-16 10:00
ORD-0048,SKU-030,2,2026-08-01 15:00
ORD-0048,SKU-027,4,2026-08-05 13:00
ORD-0049,SKU-028,1,2026-08-12 08:00
ORD-0049,SKU-017,1,2026-08-25 11:00
ORD-0049,SKU-008,2,2026-08-21 07:00
ORD-0050,SKU-018,2,2026-08-06 19:00
ORD-0050,SKU-029,1,2026-08-03 14:00
ORD-0050,SKU-020,1,2026-08-04 19:00
ORD-0050,SKU-016,12,2026-08-15 11:00
ORD-0051,SKU-005,2,2026-08-20 13:00
ORD-0051,SKU-024,2,2026-08-25 09:00
ORD-0052,SKU-010,1,2026-08-09 17:00
ORD-0052,SKU-009,4,2026-08-07 20:00
ORD-0052,SKU-008,1,2026-08-08 10:00
ORD-0053,SKU-029,8,2026-08-07 16:00
ORD-0053,SKU-003,2,2026-08-08 13:00
ORD-0053,SKU-021,4,2026-08-21 20:00
ORD-0054,SKU-004,1,2026-08-27 13:00
ORD-0055,SKU-030,2,2026-08-10 13:00
ORD-0055,SKU-004,1,2026-08-20 12:00
ORD-0055,SKU-030,1,2026-08-17 11:00
ORD-0055,SKU-015,2,2026-08-25 06:00
ORD-0056,SKU-021,2,2026-08-20 17:00
ORD-0057,SKU-002,2,2026-08-05 07:00
ORD-0057,SKU-007,12,2026-08-02 12:00
ORD-0058,SKU-027,1,2026-08-22 17:00
ORD-0059,SKU-020,1,2026-08-07 07:00
ORD-0059,SKU-026,2,2026-08-16 08:00
ORD-0060,SKU-004,4,2026-08-22 10:00
ORD-0060,SKU-021,2,2026-08-21 11:00
ORD-0060,SKU-013,4,2026-08-14 15:00
ORD-0060,SKU-022,1,2026-08-02 15:00
ORD-0061,SKU-019,8,2026-08-14 19:00
ORD-0061,SKU-001,8,2026-08-26 17:00
ORD-0061,SKU-021,1,2026-08-24 18:00
ORD-0061,SKU-007,8,2026-08-14 11:00
ORD-0061,SKU-014,1,2026-08-03 18:00
ORD-0061,SKU-019,8,2026-08-15 11:00
ORD-0062,SKU-001,1,2026-08-05 18:00
ORD-0062,SKU-003,2,2026-08-12 11:00
ORD-0063,SKU-012,1,2026-08-17 11:00
ORD-0063,SKU-030,1,2026-08-13 21:00
ORD-0064,SKU-010,1,2026-08-02 21:00
ORD-0064,SKU-011,1,2026-08-21 18:00
ORD-0065,SKU-029,4,2026-08-23 11:00
ORD-0066,SKU-026,8,2026-08-20 18:00
ORD-0066,SKU-020,4,2026-08-27 21:00
ORD-0066,SKU-006,2,2026-08-02 18:00
ORD-0066,SKU-017,1,2026-08-12 09:00
ORD-0066,SKU-005,1,2026-08-24 12:00
ORD-0066,SKU-002,8,2026-08-27 07:00
ORD-0067,SKU-027,1,2026-08-13 20:00
ORD-0067,SKU-018,4,2026-08-25 15:00
ORD-0067,SKU-021,2,2026-08-19 13:00
ORD-0067,SKU-014,2,2026-08-12 20:00
ORD-0067,SKU-017,2,2026-08-01 06:00
ORD-0067,SKU-020,12,2026-08-15 13:00
ORD-0068,SKU-025,2,2026-08-27 20:00
ORD-0068,SKU-027,1,2026-08-16 18:00
ORD-0068,SKU-004,1,2026-08-12 19:00
ORD-0068,SKU-012,1,2026-08-15 07:00
ORD-0069,SKU-021,1,2026-08-24 16:00
ORD-0070,SKU-017,1,2026-08-25 18:00
ORD-0070,SKU-021,12,2026-08-05 06:00
ORD-0070,SKU-028,1,2026-08-20 09:00
ORD-0070,SKU-007,1,2026-08-16 15:00
ORD-0070,SKU-026,8,2026-08-06 13:00
ORD-0070,SKU-003,4,2026-08-20 14:00
ORD-0071,SKU-011,8,2026-08-09 20:00
ORD-0071,SKU-005,1,2026-08-16 12:00
ORD-0072,SKU-009,2,2026-08-08 16:00
ORD-0072,SKU-012,1,2026-08-06 18:00
ORD-0072,SKU-006,2,2026-08-09 16:00
ORD-0072,SKU-029,2,2026-08-26 14:00
ORD-0072,SKU-004,4,2026-08-02 17:00
ORD-0073,SKU-018,2,2026-08-23 09:00
ORD-0073,SKU-009,12,2026-08-21 18:00
ORD-0073,SKU-024,4,2026-08-09 18:00
ORD-0073,SKU-012,2,2026-08-12 16:00
ORD-0074,SKU-015,1,2026-08-20 07:00
ORD-0075,SKU-027,2,2026-08-10 16:00
ORD-0075,SKU-024,1,2026-08-02 13:00
ORD-0075,SKU-005,1,2026-08-21 19:00
ORD-0076,SKU-017,2,2026-08-02 10:00
ORD-0076,SKU-016,1,2026-08-21 07:00
ORD-0076,SKU-001,1,2026-08-19 17:00
ORD-0076,SKU-010,1,2026-08-12 13:00
ORD-0077,SKU-019,1,2026-08-05 12:00
ORD-0077,SKU-012,2,2026-08-16 11:00
ORD-0077,SKU-005,1,2026-08-26 13:00
ORD-0077,SKU-023,1,2026-08-04 08:00
ORD-0078,SKU-005,8,2026-08-26 14:00
ORD-0078,SKU-013,4,2026-08-01 07:00
ORD-0078,SKU-021,4,2026-08-12 20:00
ORD-0078,SKU-020,8,2026-08-24 21:00
ORD-0078,SKU-008,1,2026-08-01 07:00
ORD-0078,SKU-002,2,2026-08-13 11:00
ORD-0079,SKU-006,1,2026-08-25 09:00
ORD-0079,SKU-001,2,2026-08-22 12:00
ORD-0080,SKU-014,1,2026-08-20 19:00
ORD-0080,SKU-027,2,2026-08-17 15:00
ORD-0081,SKU-010,2,2026-08-24 21:00
ORD-0082,SKU-018,1,2026-08-28 19:00
ORD-0082,SKU-024,8,2026-08-03 20:00
ORD-0082,SKU-006,1,2026-08-04 14:00
ORD-0082,SKU-008,2,2026-08-04 16:00
ORD-0082,SKU-029,4,2026-08-23 14:00
ORD-0082,SKU-023,1,2026-08-21 19:00
ORD-0083,SKU-026,8,2026-08-09 15:00
ORD-0083,SKU-021,8,2026-08-07 08:00
ORD-0083,SKU-029,2,2026-08-06 14:00
ORD-0083,SKU-029,1,2026-08-24 12:00
ORD-0083,SKU-006,4,2026-08-11 12:00
ORD-0083,SKU-029,2,2026-08-20 13:00
ORD-0084,SKU-030,8,2026-08-23 21:00
ORD-0084,SKU-016,4,2026-08-23 06:00
ORD-0084,SKU-028,1,2026-08-24 13:00
ORD-0084,SKU-019,8,2026-08-26 12:00
ORD-0085,SKU-020,2,2026-08-19 11:00
ORD-0085,SKU-005,1,2026-08-04 09:00
ORD-0085,SKU-020,8,2026-08-12 10:00
ORD-0085,SKU-023,1,2026-08-02 10:00
ORD-0086,SKU-021,2,2026-08-23 08:00
ORD-0086,SKU-024,1,2026-08-28 17:00
ORD-0086,SKU-007,4,2026-08-27 08:00
ORD-0086,SKU-029,8,2026-08-23 18:00
ORD-0086,SKU-004,1,2026-08-07 09:00
ORD-0086,SKU-002,1,2026-08-28 08:00
ORD-0087,SKU-021,1,2026-08-04 10:00
ORD-0087,SKU-004,4,2026-08-21 12:00
ORD-0087,SKU-010,1,2026-08-14 14:00
ORD-0087,SKU-001,2,2026-08-10 07:00
ORD-0087,SKU-023,4,2026-08-11 21:00
ORD-0087,SKU-028,1,2026-08-24 06:00
ORD-0088,SKU-001,2,2026-08-25 09:00
ORD-0088,SKU-012,2,2026-08-02 12:00
ORD-0088,SKU-023,8,2026-08-03 15:00
ORD-0088,SKU-006,2,2026-08-17 12:00
ORD-0089,SKU-025,4,2026-08-02 06:00
ORD-0089,SKU-012,2,2026-08-16 11:00
ORD-0089,SKU-016,2,2026-08-27 14:00
ORD-0090,SKU-006,1,2026-08-07 13:00
ORD-0090,SKU-016,1,2026-08-21 08:00
ORD-0090,SKU-016,4,2026-08-23 09:00
ORD-0090,SKU-021,1,2026-08-04 18:00
ORD-0090,SKU-030,2,2026-08-24 08:00
ORD-0091,SKU-029,2,2026-08-12 12:00
ORD-0091,SKU-010,1,2026-08-18 11:00
ORD-0091,SKU-013,12,2026-08-21 13:00
ORD-0091,SKU-015,1,2026-08-20 07:00
ORD-0092,SKU-019,1,2026-08-05 20:00
ORD-0092,SKU-022,2,2026-08-11 11:00
ORD-0092,SKU-015,2,2026-08-25 14:00
ORD-0093,SKU-008,1,2026-08-15 13:00
ORD-0093,SKU-017,1,2026-08-10 10:00
ORD-0093,SKU-024,1,2026-08-08 16:00
ORD-0093,SKU-020,2,2026-08-06 13:00
ORD-0093,SKU-011,12,2026-08-09 09:00
ORD-0094,SKU-022,1,2026-08-13 10:00
ORD-0094,SKU-005,4,2026-08-24 15:00
ORD-0095,SKU-009,1,2026-08-21 09:00
ORD-0095,SKU-009,1,2026-08-13 20:00
ORD-0095,SKU-002,1,2026-08-28 19:00
ORD-0095,SKU-023,1,2026-08-21 15:00
ORD-0096,SKU-001,1,2026-08-20 18:00
ORD-0096,SKU-001,4,2026-08-28 19:00
ORD-0096,SKU-023,2,2026-08-24 19:00
ORD-0096,SKU-028,1,2026-08-24 13:00
ORD-0097,SKU-006,2,2026-08-15 19:00
ORD-0097,SKU-011,1,2026-08-23 09:00
ORD-0097,SKU-029,2,2026-08-26 18:00
ORD-0097,SKU-023,4,2026-08-06 14:00
ORD-0097,SKU-028,2,2026-08-15 06:00
ORD-0097,SKU-020,8,2026-08-17 11:00
ORD-0098,SKU-011,4,2026-08-13 21:00
ORD-0098,SKU-030,12,2026-08-02 14:00
ORD-0098,SKU-018,1,2026-08-23 12:00
ORD-0098,SKU-017,1,2026-08-28 20:00
ORD-0098,SKU-018,1,2026-08-16 06:00
ORD-0098,SKU-021,4,2026-08-12 16:00
ORD-0099,SKU-024,8,2026-08-07 11:00
ORD-0099,SKU-013,2,2026-08-04 17:00
ORD-0099,SKU-021,1,2026-08-09 18:00
ORD-0099,SKU-013,1,2026-08-03 19:00
ORD-0100,SKU-021,4,2026-08-12 14:00
ORD-0100,SKU-004,1,2026-08-24 18:00
ORD-0100,SKU-017,12,2026-08-26 18:00
ORD-0100,SKU-015,1,2026-08-05 08:00
ORD-0101,SKU-007,2,2026-08-18 13:00
ORD-0101,SKU-027,12,2026-08-12 19:00
ORD-0101,SKU-015,12,2026-08-25 10:00
ORD-0101,SKU-025,4,2026-08-12 13:00
ORD-0101,SKU-009,4,2026-08-22 14:00
ORD-0101,SKU-014,4,2026-08-16 06:00
ORD-0102,SKU-026,1,2026-08-08 15:00
ORD-0102,SKU-011,2,2026-08-14 08:00
ORD-0102,SKU-022,8,2026-08-05 15:00
ORD-0102,SKU-028,2,2026-08-03 16:00
ORD-0102,SKU-026,8,2026-08-17 17:00
ORD-0102,SKU-021,2,2026-08-22 06:00
ORD-0103,SKU-003,4,2026-08-09 09:00
ORD-0103,SKU-019,1,2026-08-08 11:00
ORD-0104,SKU-012,4,2026-08-07 18:00
ORD-0104,SKU-026,2,2026-08-20 08:00
ORD-0104,SKU-022,8,2026-08-18 15:00
ORD-0104,SKU-007,2,2026-08-07 08:00
ORD-0105,SKU-027,2,2026-08-04 09:00
ORD-0105,SKU-009,2,2026-08-27 10:00
ORD-0105,SKU-016,2,2026-08-02 21:00
ORD-0105,SKU-015,8,2026-08-23 21:00
ORD-0105,SKU-008,2,2026-08-18 06:00
ORD-0105,SKU-006,4,2026-08-15 21:00
ORD-0106,SKU-010,4,2026-08-12 19:00
ORD-0106,SKU-014,12,2026-08-22 08:00
ORD-0106,SKU-006,2,2026-08-21 06:00
ORD-0106,SKU-001,2,2026-08-22 16:00
ORD-0106,SKU-026,12,2026-08-17 21:00
ORD-0106,SKU-016,4,2026-08-05 07:00
ORD-0107,SKU-023,2,2026-08-05 16:00
ORD-0107,SKU-004,8,2026-08-12 16:00
ORD-0108,SKU-025,2,2026-08-25 12:00
ORD-0108,SKU-010,2,2026-08-14 14:00
ORD-0108,SKU-018,1,2026-08-10 15:00
ORD-0108,SKU-012,4,2026-08-13 16:00
ORD-0109,SKU-009,8,2026-08-12 12:00
ORD-0109,SKU-021,2,2026-08-04 16:00
ORD-0109,SKU-007,1,2026-08-10 10:00
ORD-0109,SKU-019,12,2026-08-03 07:00
ORD-0109,SKU-013,4,2026-08-13 07:00
ORD-0110,SKU-010,1,2026-08-02 12:00
ORD-0110,SKU-027,8,2026-08-20 07:00
ORD-0110,SKU-026,2,2026-08-18 18:00
ORD-0110,SKU-020,1,2026-08-22 08:00
ORD-0111,SKU-002,4,2026-08-15 11:00
ORD-0111,SKU-004,4,2026-08-28 07:00
ORD-0112,SKU-025,1,2026-08-21 06:00
ORD-0112,SKU-012,8,2026-08-05 15:00
ORD-0112,SKU-018,4,2026-08-28 15:00
ORD-0112,SKU-006,2,2026-08-11 06:00
ORD-0113,SKU-019,2,2026-08-02 21:00
ORD-0113,SKU-019,2,2026-08-27 09:00
ORD-0113,SKU-025,4,2026-08-19 18:00
ORD-0113,SKU-015,1,2026-08-22 18:00
ORD-0114,SKU-019,12,2026-08-22 10:00
ORD-0114,SKU-016,4,2026-08-18 09:00
ORD-0114,SKU-003,2,2026-08-07 10:00
ORD-0114,SKU-021,1,2026-08-01 06:00
ORD-0114,SKU-022,4,2026-08-28 08:00
ORD-0115,SKU-028,1,2026-08-16 06:00
ORD-0115,SKU-009,4,2026-08-08 20:00
ORD-0116,SKU-024,1,2026-08-02 17:00
ORD-0116,SKU-025,4,2026-08-23 10:00
ORD-0116,SKU-024,4,2026-08-10 21:00
ORD-0116,SKU-015,4,2026-08-09 07:00
ORD-0116,SKU-023,1,2026-08-02 06:00
ORD-0116,SKU-029,4,2026-08-27 08:00
ORD-0117,SKU-010,1,2026-08-20 11:00
ORD-0117,SKU-028,4,2026-08-20 07:00
ORD-0117,SKU-011,2,2026-08-19 20:00
ORD-0117,SKU-016,4,2026-08-05 09:00
ORD-0118,SKU-021,1,2026-08-26 19:00
ORD-0118,SKU-016,2,2026-08-26 20:00
ORD-0118,SKU-009,4,2026-08-19 16:00
ORD-0119,SKU-009,1,2026-08-21 16:00
ORD-0119,SKU-028,2,2026-08-01 10:00
ORD-0119,SKU-020,4,2026-08-19 19:00
ORD-0120,SKU-013,2,2026-08-13 13:00
ORD-0120,SKU-026,2,2026-08-23 06:00
ORD-0121,SKU-009,1,2026-08-06 07:00
ORD-0121,SKU-010,4,2026-08-26 10:00
ORD-0121,SKU-009,12,2026-08-26 21:00
ORD-0122,SKU-018,1,2026-08-18 21:00
ORD-0122,SKU-026,2,2026-08-26 13:00
ORD-0122,SKU-010,2,2026-08-22 18:00
ORD-0123,SKU-023,1,2026-08-09 06:00
ORD-0123,SKU-026,2,2026-08-18 08:00
ORD-0123,SKU-018,4,2026-08-25 08:00
ORD-0123,SKU-008,2,2026-08-17 14:00
ORD-0124,SKU-011,2,2026-08-19 12:00
ORD-0124,SKU-007,1,2026-08-03 11:00
ORD-0124,SKU-026,4,2026-08-12 17:00
ORD-0124,SKU-013,4,2026-08-28 10:00
ORD-0124,SKU-008,1,2026-08-16 17:00
ORD-0125,SKU-012,2,2026-08-26 08:00
ORD-0126,SKU-011,2,2026-08-12 14:00
ORD-0126,SKU-017,2,2026-08-04 07:00
ORD-0127,SKU-028,8,2026-08-16 12:00
ORD-0127,SKU-009,8,2026-08-09 19:00
ORD-0128,SKU-015,4,2026-08-27 10:00
ORD-0129,SKU-027,1,2026-08-07 11:00
ORD-0129,SKU-013,1,2026-08-02 07:00
ORD-0129,SKU-018,2,2026-08-23 20:00
ORD-0130,SKU-028,8,2026-08-03 18:00
ORD-0130,SKU-030,1,2026-08-03 14:00
ORD-0130,SKU-011,2,2026-08-21 08:00
ORD-0130,SKU-030,4,2026-08-13 11:00
ORD-0131,SKU-028,1,2026-08-08 13:00
ORD-0131,SKU-006,1,2026-08-09 17:00
ORD-0131,SKU-002,8,2026-08-01 07:00
ORD-0131,SKU-009,4,2026-08-23 21:00
ORD-0132,SKU-004,1,2026-08-25 06:00
ORD-0133,SKU-022,4,2026-08-19 20:00
ORD-0133,SKU-025,4,2026-08-16 16:00
ORD-0134,SKU-009,2,2026-08-12 21:00
ORD-0134,SKU-013,1,2026-08-08 10:00
ORD-0134,SKU-030,4,2026-08-01 20:00
ORD-0135,SKU-030,1,2026-08-02 11:00
ORD-0135,SKU-030,4,2026-08-03 17:00
ORD-0135,SKU-029,4,2026-08-25 20:00
ORD-0135,SKU-004,8,2026-08-13 06:00
ORD-0135,SKU-021,1,2026-08-11 16:00
ORD-0135,SKU-027,1,2026-08-04 17:00
ORD-0136,SKU-011,1,2026-08-02 11:00
ORD-0136,SKU-023,2,2026-08-05 20:00
ORD-0137,SKU-009,2,2026-08-08 10:00
ORD-0137,SKU-001,1,2026-08-27 15:00
ORD-0138,SKU-026,1,2026-08-16 09:00
ORD-0138,SKU-011,2,2026-08-16 09:00
ORD-0138,SKU-005,12,2026-08-02 12:00
ORD-0139,SKU-016,4,2026-08-04 14:00
ORD-0139,SKU-025,1,2026-08-12 19:00
ORD-0139,SKU-009,12,2026-08-08 09:00
ORD-0139,SKU-013,1,2026-08-06 07:00
ORD-0139,SKU-027,4,2026-08-10 10:00
ORD-0140,SKU-001,2,2026-08-17 16:00
ORD-0140,SKU-017,1,2026-08-01 15:00
ORD-0140,SKU-006,2,2026-08-02 19:00
ORD-0140,SKU-007,1,2026-08-06 10:00
ORD-0140,SKU-027,1,2026-08-25 13:00
ORD-0140,SKU-023,1,2026-08-20 08:00
ORD-0141,SKU-029,2,2026-08-16 14:00
ORD-0142,SKU-007,1,2026-08-22 12:00
ORD-0142,SKU-019,1,2026-08-01 08:00
ORD-0143,SKU-024,2,2026-08-27 07:00
ORD-0143,SKU-017,4,2026-08-11 15:00
ORD-0143,SKU-027,2,2026-08-16 08:00
ORD-0143,SKU-001,2,2026-08-25 21:00
ORD-0143,SKU-005,8,2026-08-09 13:00
ORD-0143,SKU-006,2,2026-08-12 07:00
ORD-0144,SKU-023,2,2026-08-20 06:00
ORD-0144,SKU-012,2,2026-08-15 08:00
ORD-0145,SKU-012,4,2026-08-27 16:00
ORD-0146,SKU-028,2,2026-08-25 07:00
ORD-0146,SKU-010,8,2026-08-24 21:00
ORD-0146,SKU-015,2,2026-08-17 10:00
ORD-0146,SKU-001,1,2026-08-03 13:00
ORD-0146,SKU-020,1,2026-08-04 15:00
ORD-0146,SKU-009,2,2026-08-01 06:00
ORD-0147,SKU-030,4,2026-08-07 14:00
ORD-0148,SKU-027,2,2026-08-19 20:00
ORD-0149,SKU-008,4,2026-08-04 17:00
ORD-0149,SKU-028,1,2026-08-06 07:00
ORD-0149,SKU-009,1,2026-08-16 14:00
ORD-0149,SKU-004,1,2026-08-13 10:00
ORD-0149,SKU-018,2,2026-08-28 13:00
ORD-0150,SKU-022,2,2026-08-24 18:00
ORD-0150,SKU-006,8,2026-08-01 18:00
ORD-0151,SKU-014,2,2026-08-20 07:00
ORD-0151,SKU-013,12,2026-08-02 17:00
ORD-0151,SKU-011,2,2026-08-27 16:00
ORD-0151,SKU-023,2,2026-08-19 16:00
ORD-0151,SKU-027,2,2026-08-18 07:00
ORD-0151,SKU-011,2,2026-08-22 17:00
ORD-0152,SKU-028,2,2026-08-21 06:00
ORD-0152,SKU-012,1,2026-08-06 08:00
ORD-0153,SKU-014,1,2026-08-22 06:00
ORD-0153,SKU-008,1,2026-08-13 20:00
ORD-0153,SKU-021,1,2026-08-02 07:00
ORD-0154,SKU-020,1,2026-08-22 14:00
ORD-0154,SKU-021,2,2026-08-02 09:00
ORD-0154,SKU-009,1,2026-08-01 19:00
ORD-0154,SKU-008,12,2026-08-10 09:00
ORD-0154,SKU-010,1,2026-08-06 09:00
ORD-0154,SKU-002,2,2026-08-17 14:00
ORD-0155,SKU-015,2,2026-08-05 20:00
ORD-0156,SKU-017,1,2026-08-10 19:00
ORD-0157,SKU-010,1,2026-08-24 08:00
ORD-0157,SKU-024,2,2026-08-27 20:00
ORD-0157,SKU-020,4,2026-08-08 18:00
ORD-0157,SKU-007,2,2026-08-12 20:00
ORD-0157,SKU-029,2,2026-08-20 21:00
ORD-0158,SKU-027,1,2026-08-08 16:00
ORD-0158,SKU-008,1,2026-08-18 18:00
ORD-0158,SKU-019,2,2026-08-12 11:00
ORD-0158,SKU-028,12,2026-08-11 16:00
ORD-0159,SKU-009,1,2026-08-07 15:00
ORD-0159,SKU-002,4,2026-08-06 08:00
ORD-0159,SKU-020,8,2026-08-15 07:00
ORD-0159,SKU-017,2,2026-08-15 17:00
ORD-0160,SKU-025,1,2026-08-08 10:00
ORD-0160,SKU-014,1,2026-08-12 10:00
ORD-0160,SKU-022,1,2026-08-20 14:00
ORD-0160,SKU-027,4,2026-08-04 21:00
ORD-0160,SKU-009,4,2026-08-23 10:00
ORD-0160,SKU-014,8,2026-08-01 19:00
ORD-0161,SKU-019,1,2026-08-13 10:00
ORD-0161,SKU-014,4,2026-08-09 09:00
ORD-0161,SKU-013,8,2026-08-23 20:00
ORD-0161,SKU-010,4,2026-08-10 17:00
ORD-0161,SKU-013,2,2026-08-20 18:00
ORD-0162,SKU-011,1,2026-08-24 21:00
ORD-0162,SKU-013,2,2026-08-06 15:00
ORD-0162,SKU-026,1,2026-08-19 18:00
ORD-0162,SKU-019,1,2026-08-27 16:00
ORD-0162,SKU-011,12,2026-08-20 13:00
ORD-0162,SKU-011,1,2026-08-14 06:00
ORD-0163,SKU-002,1,2026-08-16 15:00
ORD-0164,SKU-025,1,2026-08-20 19:00
ORD-0164,SKU-017,4,2026-08-24 19:00
ORD-0164,SKU-013,2,2026-08-02 17:00
ORD-0164,SKU-015,8,2026-08-22 08:00
ORD-0164,SKU-017,1,2026-08-14 17:00
ORD-0165,SKU-013,2,2026-08-19 10:00
ORD-0165,SKU-029,1,2026-08-14 21:00
ORD-0165,SKU-013,2,2026-08-20 16:00
ORD-0165,SKU-023,2,2026-08-27 08:00
ORD-0165,SKU-006,2,2026-08-12 08:00
ORD-0166,SKU-017,1,2026-08-21 15:00
ORD-0166,SKU-023,1,2026-08-17 19:00
ORD-0166,SKU-021,1,2026-08-10 12:00
ORD-0167,SKU-029,1,2026-08-06 07:00
ORD-0167,SKU-021,2,2026-08-04 17:00
ORD-0167,SKU-019,12,2026-08-21 07:00
ORD-0167,SKU-023,2,2026-08-26 06:00
ORD-0167,SKU-010,4,2026-08-18 06:00
ORD-0168,SKU-013,4,2026-08-19 06:00
ORD-0168,SKU-022,1,2026-08-06 21:00
ORD-0168,SKU-025,2,2026-08-09 10:00
ORD-0169,SKU-007,2,2026-08-04 10:00
ORD-0169,SKU-006,2,2026-08-17 09:00
ORD-0169,SKU-001,1,2026-08-06 21:00
ORD-0169,SKU-027,2,2026-08-14 07:00
ORD-0169,SKU-021,1,2026-08-25 16:00
ORD-0170,SKU-023,1,2026-08-09 11:00
ORD-0170,SKU-002,1,2026-08-04 08:00
ORD-0171,SKU-007,2,2026-08-13 06:00
ORD-0171,SKU-002,1,2026-08-13 07:00
ORD-0171,SKU-015,1,2026-08-08 13:00
ORD-0172,SKU-002,1,2026-08-19 11:00
ORD-0172,SKU-011,1,2026-08-28 20:00
ORD-0173,SKU-014,2,2026-08-16 08:00
ORD-0173,SKU-008,4,2026-08-22 13:00
ORD-0173,SKU-014,1,2026-08-23 21:00
ORD-0174,SKU-026,8,2026-08-03 11:00
ORD-0175,SKU-012,2,2026-08-01 15:00
ORD-0175,SKU-013,2,2026-08-04 16:00
ORD-0176,SKU-028,2,2026-08-13 08:00
ORD-0176,SKU-004,2,2026-08-12 13:00
ORD-0176,SKU-013,1,2026-08-10 17:00
ORD-0176,SKU-008,2,2026-08-09 06:00
ORD-0176,SKU-011,4,2026-08-08 10:00
ORD-0177,SKU-007,1,2026-08-27 10:00
ORD-0178,SKU-015,2,2026-08-26 13:00
ORD-0178,SKU-006,2,2026-08-07 18:00
ORD-0178,SKU-013,2,2026-08-19 12:00
ORD-0178,SKU-010,12,2026-08-17 12:00
ORD-0178,SKU-008,8,2026-08-22 10:00
ORD-0179,SKU-009,2,2026-08-15 17:00
ORD-0179,SKU-018,1,2026-08-20 12:00
ORD-0179,SKU-005,8,2026-08-04 08:00
ORD-0179,SKU-018,8,2026-08-24 18:00
ORD-0179,SKU-001,4,2026-08-19 10:00
ORD-0179,SKU-010,1,2026-08-23 08:00
ORD-0180,SKU-006,4,2026-08-08 16:00
ORD-0180,SKU-007,4,2026-08-04 08:00
ORD-0180,SKU-018,8,2026-08-26 15:00
ORD-0180,SKU-007,1,2026-08-10 08:00
ORD-0180,SKU-008,1,2026-08-27 18:00
ORD-0180,SKU-010,2,2026-08-28 20:00
ORD-0181,SKU-029,2,2026-08-28 10:00
ORD-0181,SKU-030,1,2026-08-01 17:00
ORD-0181,SKU-022,4,2026-08-23 17:00
ORD-0181,SKU-029,2,2026-08-22 20:00
ORD-0181,SKU-008,12,2026-08-13 17:00
ORD-0181,SKU-029,2,2026-08-06 15:00
ORD-0182,SKU-009,8,2026-08-24 13:00
ORD-0183,SKU-022,1,2026-08-02 11:00
ORD-0183,SKU-014,1,2026-08-10 10:00
ORD-0183,SKU-013,4,2026-08-18 15:00
ORD-0183,SKU-021,2,2026-08-06 13:00
ORD-0183,SKU-019,2,2026-08-17 14:00
ORD-0183,SKU-030,2,2026-08-22 17:00
ORD-0184,SKU-004,4,2026-08-25 15:00
ORD-0185,SKU-029,8,2026-08-20 07:00
ORD-0186,SKU-022,1,2026-08-26 16:00
ORD-0186,SKU-007,4,2026-08-12 08:00
ORD-0187,SKU-023,4,2026-08-24 13:00
ORD-0187,SKU-009,2,2026-08-12 19:00
ORD-0187,SKU-015,8,2026-08-23 20:00
ORD-0187,SKU-017,1,2026-08-23 12:00
ORD-0188,SKU-022,2,2026-08-25 10:00
ORD-0188,SKU-016,4,2026-08-02 14:00
ORD-0188,SKU-006,2,2026-08-25 13:00
ORD-0188,SKU-018,1,2026-08-02 11:00
ORD-0189,SKU-012,2,2026-08-07 15:00
ORD-0189,SKU-005,1,2026-08-23 21:00
ORD-0189,SKU-022,2,2026-08-23 13:00
ORD-0190,SKU-017,4,2026-08-05 17:00
ORD-0191,SKU-010,1,2026-08-23 10:00
ORD-0191,SKU-019,2,2026-08-11 09:00
ORD-0191,SKU-018,2,2026-08-06 10:00
ORD-0191,SKU-020,12,2026-08-27 18:00
ORD-0191,SKU-027,1,2026-08-23 15:00
ORD-0191,SKU-001,2,2026-08-07 07:00
ORD-0192,SKU-029,1,2026-08-07 09:00
ORD-0193,SKU-010,2,2026-08-04 11:00
ORD-0193,SKU-011,2,2026-08-19 17:00
ORD-0193,SKU-010,1,2026-08-03 07:00
ORD-0193,SKU-001,2,2026-08-25 21:00
ORD-0193,SKU-003,4,2026-08-11 14:00
ORD-0193,SKU-004,2,2026-08-14 21:00
ORD-0194,SKU-026,2,2026-08-01 17:00
ORD-0194,SKU-030,1,2026-08-10 14:00
ORD-0195,SKU-008,1,2026-08-24 06:00
ORD-0195,SKU-001,4,2026-08-27 10:00
ORD-0195,SKU-010,2,2026-08-21 11:00
ORD-0195,SKU-004,4,2026-08-27 15:00
ORD-0195,SKU-024,2,2026-08-13 11:00
ORD-0195,SKU-021,4,2026-08-11 13:00
ORD-0196,SKU-005,2,2026-08-12 14:00
ORD-0196,SKU-008,1,2026-08-04 18:00
ORD-0196,SKU-029,1,2026-08-07 21:00
ORD-0197,SKU-016,4,2026-08-10 08:00
ORD-0197,SKU-005,4,2026-08-06 10:00
ORD-0197,SKU-015,2,2026-08-13 08:00
ORD-0197,SKU-002,8,2026-08-16 12:00
ORD-0198,SKU-024,2,2026-08-02 19:00
ORD-0198,SKU-005,1,2026-08-22 07:00
ORD-0199,SKU-023,2,2026-08-11 08:00
ORD-0199,SKU-015,1,2026-08-27 11:00
ORD-0199,SKU-029,4,2026-08-13 15:00
ORD-0199,SKU-001,2,2026-08-19 17:00
ORD-0199,SKU-019,1,2026-08-03 16:00
ORD-0200,SKU-015,2,2026-08-18 10:00
ORD-0200,SKU-013,12,2026-08-20 08:00
ORD-0200,SKU-026,4,2026-08-24 16:00
ORD-0200,SKU-020,4,2026-08-19 19:00
ORD-0200,SKU-012,2,2026-08-21 10:00
ORD-0201,SKU-028,1,2026-08-21 06:00
ORD-0201,SKU-028,1,2026-08-22 20:00
ORD-0201,SKU-023,1,2026-08-22 17:00
ORD-0202,SKU-019,8,2026-08-12 13:00
ORD-0202,SKU-019,2,2026-08-09 09:00
ORD-0202,SKU-008,1,2026-08-07 09:00
ORD-0202,SKU-008,8,2026-08-09 09:00
ORD-0202,SKU-007,2,2026-08-09 21:00
ORD-0203,SKU-018,2,2026-08-18 09:00
ORD-0203,SKU-024,2,2026-08-19 08:00
ORD-0204,SKU-022,1,2026-08-15 10:00
ORD-0204,SKU-028,2,2026-08-17 09:00
ORD-0204,SKU-021,12,2026-08-24 09:00
ORD-0204,SKU-015,4,2026-08-13 11:00
ORD-0205,SKU-019,2,2026-08-03 10:00
ORD-0205,SKU-012,4,2026-08-02 18:00
ORD-0206,SKU-002,2,2026-08-01 12:00
ORD-0206,SKU-015,1,2026-08-23 10:00
ORD-0207,SKU-030,8,2026-08-20 12:00
ORD-0207,SKU-019,1,2026-08-24 17:00
ORD-0207,SKU-006,2,2026-08-27 16:00
ORD-0207,SKU-026,4,2026-08-22 06:00
ORD-0208,SKU-004,1,2026-08-17 17:00
ORD-0208,SKU-024,2,2026-08-27 17:00
ORD-0208,SKU-004,2,2026-08-11 09:00
ORD-0209,SKU-030,8,2026-08-08 14:00
ORD-0210,SKU-007,4,2026-08-01 20:00
ORD-0210,SKU-004,4,2026-08-16 09:00
ORD-0210,SKU-003,4,2026-08-06 10:00
ORD-0211,SKU-030,1,2026-08-22 18:00
ORD-0211,SKU-027,1,2026-08-09 14:00
ORD-0211,SKU-015,1,2026-08-11 10:00
ORD-0211,SKU-016,2,2026-08-28 07:00
ORD-0211,SKU-026,4,2026-08-03 11:00
ORD-0212,SKU-027,2,2026-08-20 18:00
ORD-0212,SKU-027,2,2026-08-06 20:00
ORD-0212,SKU-013,1,2026-08-20 08:00
ORD-0212,SKU-012,1,2026-08-07 15:00
ORD-0212,SKU-029,1,2026-08-20 07:00
ORD-0213,SKU-006,4,2026-08-24 20:00
ORD-0213,SKU-011,2,2026-08-13 17:00
ORD-0214,SKU-001,1,2026-08-16 16:00
ORD-0214,SKU-008,1,2026-08-15 07:00
ORD-0214,SKU-021,1,2026-08-22 10:00
ORD-0215,SKU-013,1,2026-08-17 14:00
ORD-0215,SKU-012,2,2026-08-17 10:00
ORD-0215,SKU-023,1,2026-08-18 09:00
ORD-0216,SKU-025,2,2026-08-19 09:00
ORD-0216,SKU-012,4,2026-08-26 13:00
ORD-0217,SKU-022,1,2026-08-25 16:00
ORD-0217,SKU-024,2,2026-08-28 13:00
ORD-0218,SKU-028,2,2026-08-13 16:00
ORD-0218,SKU-002,4,2026-08-22 16:00
ORD-0218,SKU-029,12,2026-08-16 17:00
ORD-0219,SKU-026,1,2026-08-12 10:00
ORD-0219,SKU-005,1,2026-08-28 20:00
ORD-0220,SKU-015,2,2026-08-25 15:00
ORD-0220,SKU-030,1,2026-08-03 10:00
ORD-0220,SKU-010,4,2026-08-09 16:00
ORD-0220,SKU-003,8,2026-08-19 08:00
ORD-0221,SKU-006,1,2026-08-12 20:00
ORD-0221,SKU-012,12,2026-08-23 19:00
ORD-0221,SKU-024,8,2026-08-03 21:00
ORD-0221,SKU-011,8,2026-08-09 14:00
ORD-0221,SKU-018,1,2026-08-06 14:00
ORD-0222,SKU-023,1,2026-08-02 18:00
ORD-0222,SKU-015,1,2026-08-20 15:00
ORD-0223,SKU-021,1,2026-08-08 07:00
ORD-0223,SKU-005,2,2026-08-03 08:00
ORD-0223,SKU-026,4,2026-08-19 16:00
ORD-0223,SKU-024,1,2026-08-07 14:00
ORD-0223,SKU-018,2,2026-08-01 16:00
ORD-0224,SKU-007,1,2026-08-28 06:00
ORD-0225,SKU-016,2,2026-08-22 16:00
ORD-0225,SKU-006,1,2026-08-14 07:00
ORD-0225,SKU-003,2,2026-08-11 21:00
ORD-0225,SKU-020,2,2026-08-15 06:00
ORD-0225,SKU-001,8,2026-08-19 16:00
ORD-0225,SKU-002,2,2026-08-23 16:00
ORD-0226,SKU-003,1,2026-08-07 10:00
ORD-0226,SKU-017,4,2026-08-03 17:00
ORD-0227,SKU-014,1,2026-08-22 10:00
ORD-0227,SKU-022,12,2026-08-19 16:00
ORD-0227,SKU-008,4,2026-08-09 21:00
ORD-0228,SKU-025,2,2026-08-21 20:00
ORD-0229,SKU-009,2,2026-08-17 14:00
ORD-0229,SKU-005,1,2026-08-18 21:00
ORD-0229,SKU-004,4,2026-08-25 17:00
ORD-0229,SKU-005,12,2026-08-08 18:00
ORD-0229,SKU-025,12,2026-08-01 10:00
ORD-0230,SKU-002,2,2026-08-07 11:00
ORD-0231,SKU-020,2,2026-08-05 11:00
ORD-0231,SKU-028,4,2026-08-25 11:00
ORD-0231,SKU-017,1,2026-08-25 13:00
ORD-0232,SKU-028,2,2026-08-21 17:00
ORD-0232,SKU-029,4,2026-08-15 12:00
ORD-0232,SKU-011,4,2026-08-01 09:00
ORD-0232,SKU-022,4,2026-08-03 18:00
ORD-0233,SKU-028,2,2026-08-08 18:00
ORD-0233,SKU-014,8,2026-08-13 13:00
ORD-0233,SKU-001,1,2026-08-09 19:00
ORD-0233,SKU-008,1,2026-08-07 16:00
ORD-0233,SKU-025,2,2026-08-09 15:00
ORD-0233,SKU-029,12,2026-08-07 11:00
ORD-0234,SKU-028,8,2026-08-25 14:00
ORD-0234,SKU-025,1,2026-08-10 15:00
ORD-0234,SKU-003,1,2026-08-16 13:00
ORD-0234,SKU-006,1,2026-08-20 20:00
ORD-0235,SKU-019,1,2026-08-26 12:00
ORD-0235,SKU-028,8,2026-08-12 07:00
ORD-0236,SKU-006,2,2026-08-05 15:00
ORD-0236,SKU-022,1,2026-08-04 10:00
ORD-0236,SKU-030,1,2026-08-10 10:00
ORD-0236,SKU-017,4,2026-08-04 11:00
ORD-0237,SKU-022,2,2026-08-14 16:00
ORD-0237,SKU-021,8,2026-08-23 18:00
ORD-0237,SKU-029,1,2026-08-02 13:00
ORD-0237,SKU-007,4,2026-08-23 06:00
ORD-0238,SKU-005,2,2026-08-08 19:00
ORD-0239,SKU-004,4,2026-08-02 16:00
ORD-0239,SKU-003,8,2026-08-04 21:00
ORD-0239,SKU-005,2,2026-08-01 11:00
ORD-0239,SKU-008,4,2026-08-05 09:00
ORD-0239,SKU-017,2,2026-08-16 08:00
ORD-0239,SKU-012,12,2026-08-28 13:00
ORD-0240,SKU-003,1,2026-08-06 06:00
ORD-0240,SKU-009,1,2026-08-02 12:00
ORD-0240,SKU-017,1,2026-08-26 17:00
ORD-0240,SKU-009,1,2026-08-23 07:00
ORD-0240,SKU-021,2,2026-08-10 16:00
ORD-0240,SKU-023,2,2026-08-28 14:00
ORD-0241,SKU-014,1,2026-08-14 18:00
ORD-0241,SKU-005,2,2026-08-13 19:00
ORD-0241,SKU-026,1,2026-08-21 06:00
ORD-0241,SKU-008,2,2026-08-09 18:00
ORD-0242,SKU-027,1,2026-08-04 08:00
ORD-0242,SKU-027,2,2026-08-02 07:00
ORD-0243,SKU-023,2,2026-08-22 20:00
ORD-0243,SKU-018,4,2026-08-15 06:00
ORD-0243,SKU-016,4,2026-08-28 21:00
ORD-0243,SKU-017,1,2026-08-18 18:00
ORD-0244,SKU-027,2,2026-08-24 18:00
ORD-0244,SKU-012,4,2026-08-13 14:00
ORD-0245,SKU-022,4,2026-08-11 08:00
ORD-0245,SKU-021,4,2026-08-22 13:00
ORD-0245,SKU-030,2,2026-08-09 14:00
ORD-0245,SKU-030,4,2026-08-28 17:00
ORD-0245,SKU-017,2,2026-08-19 13:00
ORD-0246,SKU-003,8,2026-08-17 17:00
ORD-0246,SKU-017,1,2026-08-06 17:00
ORD-0247,SKU-022,1,2026-08-27 20:00
ORD-0247,SKU-006,2,2026-08-27 07:00
ORD-0248,SKU-013,2,2026-08-28 19:00
ORD-0248,SKU-004,2,2026-08-23 14:00
ORD-0248,SKU-013,1,2026-08-12 15:00
ORD-0249,SKU-022,1,2026-08-13 15:00
ORD-0249,SKU-015,4,2026-08-15 21:00
ORD-0249,SKU-024,4,2026-08-25 10:00
ORD-0249,SKU-001,4,2026-08-12 21:00
ORD-0250,SKU-022,1,2026-08-12 16:00
ORD-0250,SKU-026,2,2026-08-01 12:00
ORD-0250,SKU-001,2,2026-08-02 11:00
ORD-0250,SKU-010,4,2026-08-09 16:00
ORD-0250,SKU-009,1,2026-08-27 20:00
ORD-0251,SKU-017,2,2026-08-28 08:00
ORD-0252,SKU-005,2,2026-08-26 15:00
ORD-0252,SKU-020,4,2026-08-02 20:00
ORD-0253,SKU-012,1,2026-08-25 15:00
ORD-0253,SKU-014,2,2026-08-20 14:00
ORD-0253,SKU-012,1,2026-08-28 10:00
ORD-0253,SKU-030,2,2026-08-28 17:00
ORD-0254,SKU-022,1,2026-08-28 08:00
ORD-0255,SKU-025,2,2026-08-13 19:00
ORD-0256,SKU-030,8,2026-08-25 06:00
ORD-0256,SKU-004,2,2026-08-15 20:00
ORD-0256,SKU-023,4,2026-08-14 21:00
ORD-0256,SKU-006,8,2026-08-15 18:00
ORD-0257,SKU-005,2,2026-08-27 06:00
ORD-0257,SKU-022,1,2026-08-07 18:00
ORD-0257,SKU-018,1,2026-08-22 15:00
ORD-0257,SKU-018,1,2026-08-13 20:00
ORD-0258,SKU-003,1,2026-08-03 06:00
ORD-0259,SKU-016,1,2026-08-25 12:00
ORD-0260,SKU-015,1,2026-08-22 12:00
ORD-0260,SKU-023,1,2026-08-28 07:00
ORD-0260,SKU-018,4,2026-08-14 10:00
ORD-0260,SKU-014,4,2026-08-28 10:00
ORD-0260,SKU-011,1,2026-08-17 06:00
ORD-0261,SKU-018,1,2026-08-09 08:00
ORD-0261,SKU-011,2,2026-08-22 15:00
ORD-0262,SKU-013,2,2026-08-14 07:00
ORD-0262,SKU-010,1,2026-08-28 18:00
ORD-0262,SKU-026,2,2026-08-18 14:00
ORD-0262,SKU-010,1,2026-08-02 12:00
ORD-0262,SKU-018,4,2026-08-15 21:00
ORD-0263,SKU-019,1,2026-08-26 16:00
ORD-0263,SKU-007,2,2026-08-23 07:00
ORD-0263,SKU-024,1,2026-08-18 08:00
ORD-0263,SKU-014,12,2026-08-27 16:00
ORD-0263,SKU-002,1,2026-08-26 20:00
ORD-0263,SKU-010,1,2026-08-07 20:00
ORD-0264,SKU-030,4,2026-08-07 12:00
ORD-0264,SKU-002,1,2026-08-28 09:00
ORD-0264,SKU-002,1,2026-08-03 21:00
ORD-0264,SKU-006,1,2026-08-24 11:00
ORD-0265,SKU-008,4,2026-08-22 15:00
ORD-0265,SKU-026,1,2026-08-27 11:00
ORD-0265,SKU-005,4,2026-08-23 12:00
ORD-0265,SKU-017,1,2026-08-04 12:00
ORD-0266,SKU-002,2,2026-08-22 14:00
ORD-0267,SKU-029,2,2026-08-14 10:00
ORD-0267,SKU-028,1,2026-08-23 10:00
ORD-0267,SKU-002,1,2026-08-15 15:00
ORD-0267,SKU-025,1,2026-08-19 16:00
ORD-0267,SKU-023,2,2026-08-05 15:00
ORD-0267,SKU-030,1,2026-08-18 12:00
ORD-0268,SKU-026,4,2026-08-08 18:00
ORD-0268,SKU-002,1,2026-08-05 15:00
ORD-0269,SKU-021,2,2026-08-03 12:00
ORD-0269,SKU-015,1,2026-08-06 19:00
ORD-0270,SKU-022,2,2026-08-02 17:00
ORD-0270,SKU-004,4,2026-08-07 08:00
ORD-0270,SKU-010,2,2026-08-01 21:00
ORD-0271,SKU-007,2,2026-08-28 15:00
ORD-0272,SKU-019,2,2026-08-03 12:00
ORD-0272,SKU-005,2,2026-08-25 13:00
ORD-0272,SKU-019,8,2026-08-02 09:00
ORD-0272,SKU-001,1,2026-08-05 15:00
ORD-0272,SKU-002,1,2026-08-12 20:00
ORD-0273,SKU-008,1,2026-08-12 11:00
ORD-0273,SKU-004,4,2026-08-10 08:00
ORD-0273,SKU-024,2,2026-08-04 09:00
ORD-0273,SKU-026,1,2026-08-13 20:00
ORD-0274,SKU-002,1,2026-08-19 09:00
ORD-0275,SKU-021,4,2026-08-14 17:00
ORD-0275,SKU-003,2,2026-08-22 11:00
ORD-0275,SKU-012,1,2026-08-03 16:00
ORD-0275,SKU-001,4,2026-08-28 21:00
ORD-0276,SKU-005,1,2026-08-04 13:00
ORD-0276,SKU-004,1,2026-08-09 09:00
ORD-0276,SKU-011,2,2026-08-06 07:00
ORD-0277,SKU-009,2,2026-08-07 15:00
ORD-0277,SKU-013,2,2026-08-05 13:00
ORD-0277,SKU-024,8,2026-08-17 13:00
ORD-0277,SKU-029,1,2026-08-04 07:00
ORD-0277,SKU-016,4,2026-08-23 12:00
ORD-0278,SKU-024,1,2026-08-25 11:00
ORD-0278,SKU-005,4,2026-08-01 19:00
ORD-0278,SKU-013,2,2026-08-04 15:00
ORD-0278,SKU-019,8,2026-08-03 12:00
ORD-0278,SKU-008,1,2026-08-25 07:00
ORD-0278,SKU-027,1,2026-08-20 16:00
ORD-0279,SKU-002,1,2026-08-25 11:00
ORD-0280,SKU-011,1,2026-08-25 20:00
ORD-0280,SKU-019,8,2026-08-01 16:00
ORD-0280,SKU-030,2,2026-08-14 07:00
ORD-0281,SKU-026,1,2026-08-24 11:00
ORD-0282,SKU-026,1,2026-08-05 12:00
ORD-0282,SKU-007,8,2026-08-22 16:00
ORD-0283,SKU-003,12,2026-08-26 21:00
ORD-0283,SKU-002,2,2026-08-25 16:00
ORD-0283,SKU-030,1,2026-08-20 08:00
ORD-0283,SKU-007,8,2026-08-02 17:00
ORD-0283,SKU-026,2,2026-08-21 17:00
ORD-0283,SKU-019,1,2026-08-16 21:00
ORD-0284,SKU-009,4,2026-08-10 07:00
ORD-0284,SKU-024,2,2026-08-26 11:00
ORD-0285,SKU-013,4,2026-08-26 15:00
ORD-0285,SKU-024,12,2026-08-18 09:00
ORD-0285,SKU-003,12,2026-08-26 14:00
ORD-0285,SKU-025,4,2026-08-08 13:00
ORD-0286,SKU-019,2,2026-08-08 21:00
ORD-0286,SKU-019,8,2026-08-22 07:00
ORD-0287,SKU-022,4,2026-08-26 16:00
ORD-0287,SKU-027,2,2026-08-03 13:00
ORD-0287,SKU-021,4,2026-08-26 16:00
ORD-0287,SKU-022,2,2026-08-27 19:00
ORD-0288,SKU-001,1,2026-08-20 06:00
ORD-0288,SKU-004,8,2026-08-16 19:00
ORD-0288,SKU-014,2,2026-08-15 10:00
ORD-0289,SKU-018,1,2026-08-12 18:00
ORD-0289,SKU-028,2,2026-08-02 15:00
ORD-0289,SKU-011,1,2026-08-09 11:00
ORD-0290,SKU-029,2,2026-08-22 13:00
ORD-0290,SKU-004,1,2026-08-21 07:00
ORD-0290,SKU-013,4,2026-08-06 18:00
ORD-0290,SKU-009,1,2026-08-05 17:00
ORD-0290,SKU-006,1,2026-08-27 18:00
ORD-0290,SKU-010,2,2026-08-17 12:00
ORD-0291,SKU-013,2,2026-08-01 11:00
ORD-0291,SKU-004,8,2026-08-15 14:00
ORD-0292,SKU-012,4,2026-08-18 18:00
ORD-0292,SKU-005,8,2026-08-09 19:00
ORD-0292,SKU-003,2,2026-08-11 20:00
ORD-0292,SKU-009,12,2026-08-12 15:00
ORD-0292,SKU-022,4,2026-08-22 18:00
ORD-0292,SKU-017,4,2026-08-02 21:00
ORD-0293,SKU-012,4,2026-08-01 07:00
ORD-0293,SKU-029,4,2026-08-22 09:00
ORD-0293,SKU-018,2,2026-08-10 10:00
ORD-0293,SKU-024,2,2026-08-15 07:00
ORD-0294,SKU-016,1,2026-08-09 10:00
ORD-0294,SKU-007,2,2026-08-19 07:00
ORD-0294,SKU-013,1,2026-08-19 14:00
ORD-0295,SKU-025,1,2026-08-25 06:00
ORD-0295,SKU-014,2,2026-08-14 08:00
ORD-0295,SKU-026,12,2026-08-21 18:00
ORD-0295,SKU-016,12,2026-08-23 17:00
ORD-0295,SKU-023,8,2026-08-11 11:00
ORD-0295,SKU-027,2,2026-08-27 07:00
ORD-0296,SKU-012,8,2026-08-07 07:00
ORD-0296,SKU-006,1,2026-08-17 11:00
ORD-0296,SKU-022,1,2026-08-02 15:00
ORD-0296,SKU-013,4,2026-08-12 11:00
ORD-0296,SKU-009,1,2026-08-16 12:00
ORD-0297,SKU-011,8,2026-08-13 09:00
ORD-0297,SKU-022,1,2026-08-13 16:00
ORD-0297,SKU-013,4,2026-08-16 14:00
ORD-0297,SKU-004,1,2026-08-20 20:00
ORD-0297,SKU-017,4,2026-08-21 11:00
ORD-0298,SKU-002,1,2026-08-25 21:00
ORD-0298,SKU-022,2,2026-08-22 19:00
ORD-0298,SKU-025,1,2026-08-13 17:00
ORD-0299,SKU-030,2,2026-08-26 15:00
ORD-0299,SKU-028,2,2026-08-09 20:00
ORD-0299,SKU-025,1,2026-08-18 15:00
ORD-0299,SKU-012,2,2026-08-12 14:00
ORD-0299,SKU-008,8,2026-08-18 09:00
ORD-0299,SKU-025,2,2026-08-27 19:00
ORD-0300,SKU-004,8,2026-08-06 11:00
ORD-0300,SKU-024,2,2026-08-23 09:00
ORD-0300,SKU-025,2,2026-08-27 16:00
ORD-0300,SKU-013,2,2026-08-26 16:00
ORD-0300,SKU-012,8,2026-08-23 10:00
ORD-0300,SKU-018,4,2026-08-14 15:00
ORD-0301,SKU-007,1,2026-08-03 19:00
ORD-0301,SKU-003,2,2026-08-28 13:00
ORD-0302,SKU-014,2,2026-08-19 14:00
ORD-0302,SKU-026,4,2026-08-26 10:00
ORD-0302,SKU-005,1,2026-08-28 13:00
ORD-0302,SKU-017,1,2026-08-10 07:00
ORD-0302,SKU-024,12,2026-08-21 18:00
ORD-0303,SKU-005,2,2026-08-23 18:00
ORD-0303,SKU-020,8,2026-08-23 08:00
ORD-0303,SKU-025,2,2026-08-27 14:00
ORD-0304,SKU-007,8,2026-08-10 09:00
ORD-0304,SKU-012,4,2026-08-26 08:00
ORD-0304,SKU-012,1,2026-08-17 08:00
ORD-0304,SKU-004,4,2026-08-11 12:00
ORD-0304,SKU-001,2,2026-08-25 10:00
ORD-0305,SKU-009,2,2026-08-15 07:00
ORD-0305,SKU-002,2,2026-08-15 09:00
ORD-0305,SKU-016,1,2026-08-21 16:00
ORD-0305,SKU-011,2,2026-08-08 12:00
ORD-0306,SKU-026,4,2026-08-10 06:00
ORD-0306,SKU-008,4,2026-08-01 14:00
ORD-0306,SKU-014,2,2026-08-21 14:00
ORD-0306,SKU-024,1,2026-08-04 18:00
ORD-0306,SKU-013,2,2026-08-19 19:00
ORD-0307,SKU-022,8,2026-08-02 17:00
ORD-0307,SKU-018,1,2026-08-09 08:00
ORD-0308,SKU-016,2,2026-08-14 20:00
ORD-0308,SKU-022,8,2026-08-20 20:00
ORD-0308,SKU-007,1,2026-08-07 09:00
ORD-0308,SKU-013,1,2026-08-25 12:00
ORD-0308,SKU-003,4,2026-08-17 06:00
ORD-0308,SKU-015,4,2026-08-26 12:00
ORD-0309,SKU-007,2,2026-08-23 15:00
ORD-0309,SKU-024,4,2026-08-01 06:00
ORD-0309,SKU-003,2,2026-08-14 06:00
ORD-0310,SKU-024,4,2026-08-18 14:00
ORD-0310,SKU-018,2,2026-08-06 16:00
ORD-0310,SKU-012,1,2026-08-02 11:00
ORD-0310,SKU-023,2,2026-08-01 20:00
ORD-0310,SKU-025,1,2026-08-04 10:00
ORD-0310,SKU-012,4,2026-08-16 21:00
ORD-0311,SKU-030,1,2026-08-11 21:00
ORD-0312,SKU-028,1,2026-08-19 14:00
ORD-0312,SKU-017,2,2026-08-12 14:00
ORD-0313,SKU-001,8,2026-08-07 14:00
ORD-0313,SKU-027,12,2026-08-14 18:00
ORD-0313,SKU-006,4,2026-08-27 19:00
ORD-0313,SKU-005,1,2026-08-04 12:00
ORD-0313,SKU-024,2,2026-08-13 06:00
ORD-0313,SKU-001,4,2026-08-26 08:00
ORD-0314,SKU-025,1,2026-08-19 08:00
ORD-0314,SKU-028,1,2026-08-20 20:00
ORD-0314,SKU-016,4,2026-08-07 06:00
ORD-0314,SKU-008,1,2026-08-12 18:00
ORD-0315,SKU-004,2,2026-08-05 12:00
ORD-0316,SKU-015,2,2026-08-21 20:00
ORD-0316,SKU-025,1,2026-08-24 07:00
ORD-0316,SKU-028,2,2026-08-13 13:00
ORD-0316,SKU-023,2,2026-08-23 21:00
ORD-0317,SKU-005,1,2026-08-16 18:00
ORD-0317,SKU-003,4,2026-08-26 13:00
ORD-0317,SKU-001,2,2026-08-26 13:00
ORD-0317,SKU-021,4,2026-08-21 07:00
ORD-0317,SKU-008,1,2026-08-07 06:00
ORD-0318,SKU-015,1,2026-08-08 13:00
ORD-0319,SKU-002,8,2026-08-21 19:00
ORD-0319,SKU-009,1,2026-08-15 06:00
ORD-0319,SKU-016,4,2026-08-04 09:00
ORD-0319,SKU-006,1,2026-08-17 11:00
ORD-0319,SKU-020,2,2026-08-04 18:00
ORD-0319,SKU-030,8,2026-08-03 06:00
ORD-0320,SKU-021,4,2026-08-17 08:00
ORD-0320,SKU-023,1,2026-08-18 15:00
ORD-0320,SKU-015,2,2026-08-01 12:00
ORD-0320,SKU-001,1,2026-08-17 20:00
ORD-0320,SKU-007,1,2026-08-21 12:00
ORD-0321,SKU-014,12,2026-08-20 08:00
ORD-0321,SKU-018,2,2026-08-22 09:00
ORD-0321,SKU-003,4,2026-08-28 09:00
ORD-0321,SKU-003,2,2026-08-10 15:00
ORD-0321,SKU-025,1,2026-08-16 16:00
ORD-0321,SKU-025,1,2026-08-03 08:00
ORD-0322,SKU-004,4,2026-08-25 12:00
ORD-0323,SKU-013,2,2026-08-14 12:00
ORD-0323,SKU-030,4,2026-08-25 08:00
ORD-0323,SKU-030,1,2026-08-02 06:00
ORD-0323,SKU-022,4,2026-08-28 19:00
ORD-0323,SKU-026,8,2026-08-06 15:00
ORD-0324,SKU-009,4,2026-08-09 15:00
ORD-0324,SKU-028,1,2026-08-11 18:00
ORD-0324,SKU-004,1,2026-08-06 21:00
ORD-0324,SKU-025,2,2026-08-25 16:00
ORD-0325,SKU-026,1,2026-08-14 06:00
ORD-0325,SKU-011,1,2026-08-12 16:00
ORD-0325,SKU-001,4,2026-08-25 13:00
ORD-0326,SKU-026,1,2026-08-06 09:00
ORD-0326,SKU-002,4,2026-08-11 19:00
ORD-0326,SKU-021,1,2026-08-03 09:00
ORD-0327,SKU-006,1,2026-08-02 13:00
ORD-0327,SKU-030,2,2026-08-17 08:00
ORD-0327,SKU-021,1,2026-08-10 06:00
ORD-0327,SKU-023,1,2026-08-23 09:00
ORD-0328,SKU-020,2,2026-08-22 11:00
ORD-0328,SKU-023,8,2026-08-10 18:00
ORD-0329,SKU-011,1,2026-08-01 08:00
ORD-0329,SKU-023,8,2026-08-21 14:00
ORD-0330,SKU-021,2,2026-08-19 10:00
ORD-0330,SKU-021,1,2026-08-03 18:00
ORD-0330,SKU-010,1,2026-08-24 08:00
ORD-0330,SKU-018,1,2026-08-12 08:00
ORD-0330,SKU-005,2,2026-08-24 21:00
ORD-0331,SKU-017,4,2026-08-09 20:00
ORD-0331,SKU-006,8,2026-08-09 15:00
ORD-0331,SKU-013,2,2026-08-23 11:00
ORD-0331,SKU-015,12,2026-08-04 20:00
ORD-0331,SKU-011,1,2026-08-07 06:00
ORD-0331,SKU-013,4,2026-08-08 09:00
ORD-0332,SKU-026,2,2026-08-11 14:00
ORD-0332,SKU-020,1,2026-08-07 08:00
ORD-0333,SKU-006,4,2026-08-22 15:00
ORD-0334,SKU-009,1,2026-08-05 21:00
ORD-0334,SKU-004,4,2026-08-02 18:00
ORD-0334,SKU-009,4,2026-08-19 13:00
ORD-0334,SKU-002,1,2026-08-01 14:00
ORD-0334,SKU-028,8,2026-08-12 17:00
ORD-0334,SKU-018,4,2026-08-05 17:00
ORD-0335,SKU-009,2,2026-08-06 09:00
ORD-0335,SKU-028,1,2026-08-26 11:00
ORD-0335,SKU-010,4,2026-08-25 06:00
ORD-0335,SKU-008,2,2026-08-08 18:00
ORD-0335,SKU-028,2,2026-08-21 21:00
ORD-0335,SKU-009,8,2026-08-02 09:00
ORD-0336,SKU-013,4,2026-08-08 15:00
ORD-0336,SKU-001,2,2026-08-16 09:00
ORD-0336,SKU-004,2,2026-08-23 21:00
ORD-0336,SKU-003,2,2026-08-16 21:00
ORD-0336,SKU-030,1,2026-08-08 19:00
ORD-0336,SKU-015,1,2026-08-07 08:00
ORD-0337,SKU-012,2,2026-08-08 16:00
ORD-0337,SKU-018,1,2026-08-17 13:00
ORD-0337,SKU-016,4,2026-08-19 18:00
ORD-0338,SKU-002,8,2026-08-17 07:00
ORD-0339,SKU-017,1,2026-08-28 16:00
ORD-0339,SKU-007,1,2026-08-16 14:00
ORD-0340,SKU-030,8,2026-08-26 10:00
ORD-0340,SKU-003,4,2026-08-21 16:00
ORD-0340,SKU-004,1,2026-08-22 17:00
ORD-0340,SKU-003,1,2026-08-16 21:00
ORD-0341,SKU-006,2,2026-08-21 06:00
ORD-0341,SKU-021,2,2026-08-24 07:00
ORD-0341,SKU-018,2,2026-08-25 21:00
ORD-0342,SKU-020,1,2026-08-12 10:00
ORD-0342,SKU-013,4,2026-08-11 07:00
ORD-0342,SKU-028,8,2026-08-22 11:00
ORD-0342,SKU-023,1,2026-08-20 20:00
ORD-0342,SKU-029,4,2026-08-15 12:00
ORD-0342,SKU-028,1,2026-08-15 10:00
ORD-0343,SKU-010,4,2026-08-19 12:00
ORD-0343,SKU-003,2,2026-08-22 11:00
ORD-0344,SKU-012,8,2026-08-08 08:00
ORD-0345,SKU-012,2,2026-08-24 21:00
ORD-0345,SKU-022,12,2026-08-20 12:00
ORD-0345,SKU-007,4,2026-08-07 15:00
ORD-0345,SKU-026,2,2026-08-08 16:00
ORD-0346,SKU-014,1,2026-08-14 06:00
ORD-0347,SKU-012,4,2026-08-08 06:00
ORD-0347,SKU-005,2,2026-08-09 20:00
ORD-0347,SKU-016,2,2026-08-23 18:00
ORD-0347,SKU-005,1,2026-08-18 09:00
ORD-0347,SKU-009,12,2026-08-05 10:00
ORD-0348,SKU-005,2,2026-08-25 07:00
ORD-0348,SKU-006,1,2026-08-06 08:00
ORD-0348,SKU-019,4,2026-08-26 19:00
ORD-0348,SKU-009,8,2026-08-22 13:00
ORD-0348,SKU-028,1,2026-08-24 14:00
ORD-0349,SKU-014,1,2026-08-14 09:00
ORD-0349,SKU-001,8,2026-08-03 15:00
ORD-0349,SKU-025,12,2026-08-28 10:00
ORD-0349,SKU-014,1,2026-08-13 15:00
ORD-0349,SKU-026,4,2026-08-23 09:00
ORD-0349,SKU-015,1,2026-08-22 17:00
ORD-0350,SKU-018,1,2026-08-03 14:00
ORD-0350,SKU-019,2,2026-08-28 14:00
ORD-0350,SKU-021,1,2026-08-12 14:00
ORD-0350,SKU-022,4,2026-08-23 07:00
ORD-0350,SKU-020,4,2026-08-07 16:00
ORD-0351,SKU-015,2,2026-08-22 11:00
ORD-0352,SKU-011,4,2026-08-08 19:00
ORD-0352,SKU-003,12,2026-08-07 19:00
ORD-0352,SKU-013,12,2026-08-24 13:00
ORD-0352,SKU-012,4,2026-08-12 18:00
ORD-0353,SKU-016,4,2026-08-05 13:00
ORD-0353,SKU-021,1,2026-08-09 09:00
ORD-0353,SKU-002,2,2026-08-13 19:00
ORD-0353,SKU-021,1,2026-08-19 20:00
ORD-0353,SKU-011,2,2026-08-12 17:00
ORD-0353,SKU-023,4,2026-08-11 11:00
ORD-0354,SKU-023,1,2026-08-22 11:00
ORD-0354,SKU-013,2,2026-08-21 15:00
ORD-0354,SKU-027,2,2026-08-07 13:00
ORD-0354,SKU-023,2,2026-08-25 12:00
ORD-0355,SKU-025,8,2026-08-21 14:00
ORD-0355,SKU-006,4,2026-08-20 20:00
ORD-0355,SKU-028,4,2026-08-25 07:00
ORD-0356,SKU-029,1,2026-08-18 19:00
ORD-0356,SKU-024,2,2026-08-01 08:00
ORD-0357,SKU-027,1,2026-08-23 13:00
ORD-0358,SKU-006,1,2026-08-09 13:00
ORD-0359,SKU-001,1,2026-08-03 12:00
ORD-0360,SKU-016,1,2026-08-17 17:00
ORD-0360,SKU-011,1,2026-08-24 21:00
ORD-0361,SKU-011,1,2026-08-03 14:00
ORD-0361,SKU-006,1,2026-08-03 07:00
ORD-0361,SKU-023,12,2026-08-05 16:00
ORD-0362,SKU-017,2,2026-08-07 07:00
ORD-0362,SKU-025,1,2026-08-23 19:00
ORD-0362,SKU-013,1,2026-08-01 13:00
ORD-0363,SKU-026,1,2026-08-16 09:00
ORD-0363,SKU-003,2,2026-08-07 20:00
ORD-0363,SKU-026,2,2026-08-27 13:00
ORD-0364,SKU-003,4,2026-08-16 19:00
ORD-0364,SKU-005,1,2026-08-19 12:00
ORD-0364,SKU-004,4,2026-08-15 13:00
ORD-0364,SKU-025,1,2026-08-14 16:00
ORD-0364,SKU-024,1,2026-08-08 06:00
ORD-0365,SKU-017,1,2026-08-21 20:00
ORD-0365,SKU-020,1,2026-08-06 12:00
ORD-0366,SKU-022,8,2026-08-05 11:00
ORD-0366,SKU-002,1,2026-08-25 16:00
ORD-0366,SKU-027,4,2026-08-22 15:00
ORD-0367,SKU-011,2,2026-08-10 07:00
ORD-0367,SKU-025,2,2026-08-03 15:00
ORD-0367,SKU-002,1,2026-08-08 10:00
ORD-0367,SKU-006,8,2026-08-08 20:00
ORD-0368,SKU-007,1,2026-08-26 17:00
ORD-0369,SKU-023,2,2026-08-10 08:00
ORD-0369,SKU-004,4,2026-08-20 18:00
ORD-0369,SKU-014,2,2026-08-09 13:00
ORD-0369,SKU-015,1,2026-08-16 19:00
ORD-0369,SKU-025,4,2026-08-18 20:00
ORD-0369,SKU-025,8,2026-08-11 07:00
ORD-0370,SKU-025,2,2026-08-21 14:00
ORD-0371,SKU-002,8,2026-08-18 10:00
ORD-0371,SKU-003,2,2026-08-20 07:00
ORD-0372,SKU-022,1,2026-08-25 16:00
ORD-0372,SKU-014,2,2026-08-05 18:00
ORD-0372,SKU-023,1,2026-08-24 07:00
ORD-0373,SKU-010,8,2026-08-22 10:00
ORD-0374,SKU-004,4,2026-08-11 11:00
ORD-0374,SKU-027,2,2026-08-27 19:00
ORD-0374,SKU-006,1,2026-08-13 19:00
ORD-0374,SKU-023,1,2026-08-04 13:00
ORD-0374,SKU-015,12,2026-08-04 08:00
ORD-0375,SKU-024,8,2026-08-24 18:00
ORD-0375,SKU-016,1,2026-08-06 15:00
ORD-0375,SKU-025,2,2026-08-23 12:00
ORD-0376,SKU-026,1,2026-08-07 21:00
ORD-0376,SKU-004,8,2026-08-17 16:00
ORD-0376,SKU-026,1,2026-08-09 21:00
ORD-0376,SKU-027,12,2026-08-05 16:00
ORD-0376,SKU-011,1,2026-08-24 16:00
ORD-0376,SKU-022,1,2026-08-14 07:00
ORD-0377,SKU-028,1,2026-08-12 06:00
ORD-0378,SKU-020,1,2026-08-02 16:00
ORD-0378,SKU-008,4,2026-08-27 14:00
ORD-0378,SKU-012,1,2026-08-20 17:00
ORD-0379,SKU-013,1,2026-08-08 06:00
ORD-0379,SKU-030,4,2026-08-25 13:00
ORD-0379,SKU-027,8,2026-08-26 07:00
ORD-0379,SKU-029,4,2026-08-25 10:00
ORD-0380,SKU-009,2,2026-08-11 18:00
ORD-0380,SKU-014,4,2026-08-05 13:00
ORD-0380,SKU-018,4,2026-08-22 07:00
ORD-0381,SKU-029,4,2026-08-28 16:00
ORD-0381,SKU-029,4,2026-08-28 07:00
ORD-0381,SKU-026,8,2026-08-18 20:00
ORD-0382,SKU-016,4,2026-08-26 12:00
ORD-0382,SKU-024,1,2026-08-08 08:00
ORD-0382,SKU-004,1,2026-08-01 06:00
ORD-0383,SKU-012,1,2026-08-03 21:00
ORD-0383,SKU-024,1,2026-08-28 20:00
ORD-0384,SKU-013,1,2026-08-16 18:00
ORD-0384,SKU-010,2,2026-08-19 21:00
ORD-0384,SKU-011,8,2026-08-24 15:00
ORD-0384,SKU-024,8,2026-08-19 09:00
ORD-0384,SKU-020,2,2026-08-27 08:00
ORD-0384,SKU-016,2,2026-08-01 13:00
ORD-0385,SKU-007,2,2026-08-12 09:00
ORD-0385,SKU-021,8,2026-08-02 20:00
ORD-0386,SKU-019,2,2026-08-23 10:00
ORD-0386,SKU-014,12,2026-08-06 15:00
ORD-0386,SKU-027,2,2026-08-24 17:00
ORD-0386,SKU-004,1,2026-08-24 07:00
ORD-0386,SKU-008,2,2026-08-24 19:00
ORD-0387,SKU-013,2,2026-08-03 19:00
ORD-0387,SKU-007,1,2026-08-11 11:00
ORD-0388,SKU-018,4,2026-08-01 10:00
ORD-0388,SKU-020,12,2026-08-27 11:00
ORD-0388,SKU-006,1,2026-08-21 09:00
ORD-0388,SKU-028,2,2026-08-02 07:00
ORD-0389,SKU-017,1,2026-08-17 12:00
ORD-0389,SKU-017,2,2026-08-05 12:00
ORD-0390,SKU-005,2,2026-08-26 06:00
ORD-0390,SKU-014,1,2026-08-23 14:00
ORD-0391,SKU-009,1,2026-08-07 20:00
ORD-0391,SKU-002,1,2026-08-01 16:00
ORD-0391,SKU-029,4,2026-08-24 13:00
ORD-0391,SKU-018,1,2026-08-17 11:00
ORD-0391,SKU-008,2,2026-08-28 12:00
ORD-0392,SKU-024,4,2026-08-24 20:00
ORD-0392,SKU-023,2,2026-08-07 14:00
ORD-0392,SKU-027,4,2026-08-17 07:00
ORD-0392,SKU-016,8,2026-08-15 08:00
ORD-0392,SKU-028,1,2026-08-26 19:00
ORD-0393,SKU-011,2,2026-08-21 12:00
ORD-0393,SKU-018,1,2026-08-25 13:00
ORD-0394,SKU-008,1,2026-08-14 17:00
ORD-0394,SKU-020,2,2026-08-10 11:00
ORD-0395,SKU-007,2,2026-08-05 12:00
ORD-0395,SKU-019,1,2026-08-17 15:00
ORD-0395,SKU-006,2,2026-08-27 20:00
ORD-0395,SKU-025,12,2026-08-16 21:00
ORD-0395,SKU-009,2,2026-08-07 21:00
ORD-0395,SKU-019,2,2026-08-17 11:00
ORD-0396,SKU-003,2,2026-08-13 08:00
ORD-0396,SKU-013,1,2026-08-24 19:00
ORD-0397,SKU-012,4,2026-08-27 18:00
ORD-0397,SKU-021,1,2026-08-28 06:00
ORD-0397,SKU-002,4,2026-08-24 21:00
ORD-0398,SKU-017,2,2026-08-22 18:00
ORD-0398,SKU-014,2,2026-08-06 06:00
ORD-0398,SKU-022,1,2026-08-12 18:00
ORD-0399,SKU-019,2,2026-08-08 16:00
ORD-0399,SKU-026,8,2026-08-18 18:00
ORD-0399,SKU-021,1,2026-08-04 10:00
ORD-0400,SKU-020,1,2026-08-16 20:00
ORD-0401,SKU-009,2,2026-08-01 17:00
ORD-0401,SKU-018,2,2026-08-11 21:00
ORD-0401,SKU-004,1,2026-08-13 14:00
ORD-0401,SKU-001,2,2026-08-13 08:00
ORD-0402,SKU-026,8,2026-08-18 06:00
ORD-0402,SKU-009,8,2026-08-10 21:00
ORD-0402,SKU-006,8,2026-08-13 06:00
ORD-0403,SKU-007,1,2026-08-24 10:00
ORD-0404,SKU-010,1,2026-08-02 19:00
ORD-0404,SKU-009,1,2026-08-24 09:00
ORD-0405,SKU-018,2,2026-08-03 10:00
ORD-0405,SKU-014,4,2026-08-02 21:00
ORD-0406,SKU-013,2,2026-08-21 11:00
ORD-0406,SKU-020,1,2026-08-10 07:00
ORD-0406,SKU-003,1,2026-08-04 07:00
ORD-0406,SKU-001,1,2026-08-23 11:00
ORD-0406,SKU-004,2,2026-08-04 11:00
ORD-0406,SKU-007,2,2026-08-22 12:00
ORD-0407,SKU-004,12,2026-08-14 16:00
ORD-0407,SKU-013,2,2026-08-15 13:00
ORD-0407,SKU-016,12,2026-08-22 11:00
ORD-0408,SKU-006,8,2026-08-26 17:00
ORD-0408,SKU-021,4,2026-08-02 20:00
ORD-0409,SKU-020,4,2026-08-02 20:00
ORD-0409,SKU-018,4,2026-08-19 06:00
ORD-0409,SKU-015,2,2026-08-01 16:00
ORD-0409,SKU-022,2,2026-08-05 07:00
ORD-0409,SKU-030,4,2026-08-17 10:00
ORD-0410,SKU-006,4,2026-08-06 06:00
ORD-0410,SKU-017,4,2026-08-26 06:00
ORD-0410,SKU-028,4,2026-08-14 12:00
ORD-0410,SKU-019,2,2026-08-22 19:00
ORD-0411,SKU-016,12,2026-08-20 11:00
ORD-0411,SKU-011,8,2026-08-07 14:00
ORD-0411,SKU-029,1,2026-08-22 06:00
ORD-0412,SKU-023,1,2026-08-21 14:00
ORD-0412,SKU-026,2,2026-08-06 21:00
ORD-0412,SKU-009,8,2026-08-03 21:00
ORD-0412,SKU-030,4,2026-08-02 10:00
ORD-0412,SKU-014,4,2026-08-19 19:00
ORD-0413,SKU-019,2,2026-08-23 06:00
ORD-0413,SKU-003,2,2026-08-05 09:00
ORD-0413,SKU-013,1,2026-08-04 19:00
ORD-0414,SKU-029,4,2026-08-09 08:00
ORD-0414,SKU-024,2,2026-08-12 09:00
ORD-0414,SKU-002,2,2026-08-24 15:00
ORD-0414,SKU-007,1,2026-08-09 14:00
ORD-0415,SKU-007,8,2026-08-17 19:00
ORD-0415,SKU-025,2,2026-08-26 14:00
ORD-0415,SKU-015,2,2026-08-11 18:00
ORD-0416,SKU-023,2,2026-08-04 07:00
ORD-0416,SKU-024,4,2026-08-26 15:00
ORD-0416,SKU-002,2,2026-08-28 10:00
ORD-0416,SKU-012,2,2026-08-13 13:00
ORD-0416,SKU-009,4,2026-08-02 20:00
ORD-0416,SKU-016,1,2026-08-03 07:00
ORD-0417,SKU-015,2,2026-08-23 08:00
ORD-0417,SKU-024,1,2026-08-27 11:00
ORD-0418,SKU-021,4,2026-08-04 11:00
ORD-0418,SKU-027,2,2026-08-11 11:00
ORD-0419,SKU-030,8,2026-08-16 13:00
ORD-0419,SKU-009,1,2026-08-02 13:00
ORD-0420,SKU-030,12,2026-08-10 08:00
ORD-0420,SKU-021,2,2026-08-20 20:00
ORD-0421,SKU-004,2,2026-08-16 16:00
ORD-0421,SKU-022,1,2026-08-13 13:00
ORD-0422,SKU-015,2,2026-08-17 12:00
ORD-0422,SKU-030,1,2026-08-17 09:00
ORD-0422,SKU-018,1,2026-08-06 10:00
ORD-0422,SKU-029,2,2026-08-16 14:00
ORD-0422,SKU-019,2,2026-08-18 21:00
ORD-0422,SKU-025,12,2026-08-11 11:00
ORD-0423,SKU-029,1,2026-08-13 09:00
ORD-0423,SKU-005,2,2026-08-10 16:00
ORD-0423,SKU-013,2,2026-08-06 16:00
ORD-0424,SKU-011,1,2026-08-04 15:00
ORD-0425,SKU-021,2,2026-08-25 17:00
ORD-0425,SKU-016,8,2026-08-21 12:00
ORD-0425,SKU-018,12,2026-08-22 11:00
ORD-0425,SKU-012,1,2026-08-07 15:00
ORD-0426,SKU-023,1,2026-08-19 08:00
ORD-0426,SKU-014,1,2026-08-18 08:00
ORD-0426,SKU-007,2,2026-08-22 09:00
ORD-0427,SKU-022,1,2026-08-10 09:00
ORD-0427,SKU-007,4,2026-08-23 06:00
ORD-0428,SKU-002,12,2026-08-03 14:00
ORD-0428,SKU-011,8,2026-08-23 06:00
ORD-0428,SKU-017,2,2026-08-23 11:00
ORD-0429,SKU-019,1,2026-08-06 13:00
ORD-0430,SKU-007,8,2026-08-09 16:00
ORD-0431,SKU-013,2,2026-08-23 06:00
ORD-0431,SKU-003,2,2026-08-23 19:00
ORD-0431,SKU-004,4,2026-08-09 10:00
ORD-0431,SKU-014,2,2026-08-22 06:00
ORD-0431,SKU-001,12,2026-08-14 18:00
ORD-0431,SKU-006,2,2026-08-12 10:00
ORD-0432,SKU-030,8,2026-08-09 10:00
ORD-0432,SKU-006,1,2026-08-05 09:00
ORD-0432,SKU-019,4,2026-08-04 11:00
ORD-0433,SKU-017,2,2026-08-04 21:00
ORD-0433,SKU-014,2,2026-08-25 06:00
ORD-0433,SKU-024,1,2026-08-14 10:00
ORD-0434,SKU-030,4,2026-08-08 17:00
ORD-0434,SKU-008,4,2026-08-27 21:00
ORD-0435,SKU-013,2,2026-08-16 07:00
ORD-0435,SKU-008,12,2026-08-27 07:00
ORD-0435,SKU-015,12,2026-08-08 07:00
ORD-0435,SKU-020,8,2026-08-07 08:00
ORD-0435,SKU-009,1,2026-08-11 08:00
ORD-0436,SKU-021,1,2026-08-25 15:00
ORD-0436,SKU-003,2,2026-08-15 13:00
ORD-0436,SKU-022,1,2026-08-10 19:00
ORD-0437,SKU-030,8,2026-08-23 19:00
ORD-0437,SKU-030,1,2026-08-02 21:00
ORD-0437,SKU-004,12,2026-08-24 11:00
ORD-0438,SKU-026,1,2026-08-17 07:00
ORD-0438,SKU-011,1,2026-08-17 12:00
ORD-0438,SKU-017,2,2026-08-08 12:00
ORD-0438,SKU-014,1,2026-08-15 08:00
ORD-0438,SKU-008,8,2026-08-01 13:00
ORD-0438,SKU-022,2,2026-08-07 19:00
ORD-0439,SKU-018,4,2026-08-12 16:00
ORD-0440,SKU-009,4,2026-08-11 13:00
ORD-0440,SKU-002,2,2026-08-23 19:00
ORD-0441,SKU-005,1,2026-08-02 12:00
ORD-0442,SKU-030,2,2026-08-13 21:00
ORD-0442,SKU-009,1,2026-08-22 21:00
ORD-0442,SKU-019,4,2026-08-10 08:00
ORD-0443,SKU-027,8,2026-08-05 10:00
ORD-0443,SKU-003,2,2026-08-05 06:00
ORD-0443,SKU-023,1,2026-08-24 07:00
ORD-0443,SKU-026,4,2026-08-26 08:00
ORD-0443,SKU-004,4,2026-08-08 07:00
ORD-0444,SKU-019,8,2026-08-09 17:00
ORD-0444,SKU-006,4,2026-08-12 19:00
ORD-0445,SKU-027,1,2026-08-15 20:00
ORD-0445,SKU-006,1,2026-08-03 19:00
ORD-0445,SKU-028,1,2026-08-05 14:00
ORD-0445,SKU-023,1,2026-08-26 18:00
ORD-0445,SKU-003,4,2026-08-01 10:00
ORD-0445,SKU-002,8,2026-08-03 15:00
ORD-0446,SKU-011,4,2026-08-24 20:00
ORD-0446,SKU-021,4,2026-08-27 12:00
ORD-0446,SKU-010,2,2026-08-16 16:00
ORD-0446,SKU-005,2,2026-08-17 13:00
ORD-0446,SKU-020,1,2026-08-17 10:00
ORD-0447,SKU-001,2,2026-08-22 11:00
ORD-0447,SKU-002,2,2026-08-09 09:00
ORD-0447,SKU-025,2,2026-08-15 17:00
ORD-0447,SKU-017,2,2026-08-23 18:00
ORD-0447,SKU-018,1,2026-08-13 07:00
ORD-0448,SKU-016,1,2026-08-22 12:00
ORD-0448,SKU-024,2,2026-08-12 15:00
ORD-0448,SKU-015,2,2026-08-25 17:00
ORD-0449,SKU-021,1,2026-08-08 19:00
ORD-0449,SKU-021,4,2026-08-09 17:00
ORD-0449,SKU-023,1,2026-08-18 07:00
ORD-0449,SKU-011,2,2026-08-02 19:00
ORD-0449,SKU-020,2,2026-08-22 15:00
ORD-0449,SKU-026,4,2026-08-11 16:00
ORD-0450,SKU-004,4,2026-08-24 11:00
ORD-0450,SKU-016,1,2026-08-07 14:00
ORD-0450,SKU-029,2,2026-08-23 10:00
ORD-0450,SKU-029,1,2026-08-14 20:00
ORD-0451,SKU-014,1,2026-08-05 11:00
ORD-0451,SKU-023,1,2026-08-09 07:00
ORD-0451,SKU-030,4,2026-08-08 16:00
ORD-0452,SKU-028,1,2026-08-02 19:00
ORD-0453,SKU-007,1,2026-08-26 17:00
ORD-0453,SKU-017,1,2026-08-09 20:00
ORD-0453,SKU-017,2,2026-08-20 14:00
ORD-0453,SKU-001,2,2026-08-06 18:00
ORD-0454,SKU-024,2,2026-08-25 16:00
ORD-0455,SKU-005,4,2026-08-20 12:00
ORD-0455,SKU-007,1,2026-08-22 13:00
ORD-0455,SKU-010,1,2026-08-23 13:00
ORD-0456,SKU-016,2,2026-08-19 16:00
ORD-0456,SKU-004,1,2026-08-11 08:00
ORD-0457,SKU-015,1,2026-08-07 20:00
ORD-0457,SKU-010,12,2026-08-12 06:00
ORD-0457,SKU-029,1,2026-08-11 18:00
ORD-0457,SKU-008,4,2026-08-14 13:00
ORD-0457,SKU-011,2,2026-08-13 07:00
ORD-0458,SKU-026,2,2026-08-10 14:00
ORD-0458,SKU-016,4,2026-08-16 20:00
ORD-0458,SKU-001,1,2026-08-13 20:00
ORD-0458,SKU-008,2,2026-08-06 21:00
ORD-0458,SKU-018,12,2026-08-06 09:00
ORD-0459,SKU-025,4,2026-08-15 08:00
ORD-0459,SKU-010,2,2026-08-07 06:00
ORD-0459,SKU-003,1,2026-08-03 11:00
ORD-0460,SKU-001,2,2026-08-17 20:00
ORD-0460,SKU-010,8,2026-08-12 17:00
ORD-0460,SKU-023,1,2026-08-17 21:00
ORD-0461,SKU-012,1,2026-08-18 12:00
ORD-0462,SKU-029,2,2026-08-28 16:00
ORD-0462,SKU-020,2,2026-08-19 14:00
ORD-0463,SKU-025,1,2026-08-23 17:00
ORD-0463,SKU-027,1,2026-08-22 16:00
ORD-0463,SKU-005,1,2026-08-28 09:00
ORD-0464,SKU-006,2,2026-08-12 13:00
ORD-0464,SKU-013,1,2026-08-22 12:00
ORD-0464,SKU-022,2,2026-08-12 18:00
ORD-0465,SKU-008,1,2026-08-23 20:00
ORD-0465,SKU-006,4,2026-08-12 07:00
ORD-0465,SKU-001,2,2026-08-11 18:00
ORD-0466,SKU-002,2,2026-08-16 12:00
ORD-0466,SKU-018,1,2026-08-21 11:00
ORD-0466,SKU-023,1,2026-08-26 10:00
ORD-0466,SKU-023,2,2026-08-06 16:00
ORD-0466,SKU-010,2,2026-08-05 21:00
ORD-0466,SKU-024,2,2026-08-05 14:00
ORD-0467,SKU-010,4,2026-08-18 13:00
ORD-0467,SKU-022,2,2026-08-27 16:00
ORD-0467,SKU-019,1,2026-08-28 17:00
ORD-0468,SKU-015,2,2026-08-06 07:00
ORD-0468,SKU-021,8,2026-08-03 07:00
ORD-0468,SKU-019,8,2026-08-17 10:00
ORD-0468,SKU-009,4,2026-08-03 11:00
ORD-0469,SKU-001,1,2026-08-08 20:00
ORD-0469,SKU-003,4,2026-08-23 20:00
ORD-0469,SKU-018,1,2026-08-06 12:00
ORD-0469,SKU-011,8,2026-08-11 06:00
ORD-0469,SKU-005,1,2026-08-03 08:00
ORD-0470,SKU-020,4,2026-08-02 11:00
ORD-0471,SKU-010,4,2026-08-10 08:00
ORD-0471,SKU-028,1,2026-08-15 14:00
ORD-0471,SKU-018,8,2026-08-26 07:00
ORD-0471,SKU-024,1,2026-08-10 08:00
ORD-0471,SKU-030,4,2026-08-16 10:00
ORD-0471,SKU-013,4,2026-08-15 18:00
ORD-0472,SKU-027,1,2026-08-08 14:00
ORD-0472,SKU-009,4,2026-08-27 13:00
ORD-0472,SKU-005,4,2026-08-13 07:00
ORD-0472,SKU-008,1,2026-08-15 17:00
ORD-0473,SKU-017,1,2026-08-16 06:00
ORD-0473,SKU-020,4,2026-08-24 17:00
ORD-0473,SKU-013,1,2026-08-12 21:00
ORD-0473,SKU-024,8,2026-08-13 11:00
ORD-0474,SKU-025,1,2026-08-06 21:00
ORD-0474,SKU-017,1,2026-08-07 13:00
ORD-0474,SKU-012,2,2026-08-04 14:00
ORD-0474,SKU-009,1,2026-08-04 21:00
ORD-0474,SKU-010,2,2026-08-19 12:00
ORD-0475,SKU-014,4,2026-08-28 15:00
ORD-0475,SKU-009,4,2026-08-05 10:00
ORD-0475,SKU-023,4,2026-08-10 09:00
ORD-0476,SKU-014,4,2026-08-14 19:00
ORD-0476,SKU-007,4,2026-08-05 19:00
ORD-0476,SKU-006,2,2026-08-05 16:00
ORD-0476,SKU-008,2,2026-08-14 18:00
ORD-0476,SKU-009,1,2026-08-06 12:00
ORD-0476,SKU-006,2,2026-08-18 12:00
ORD-0477,SKU-021,2,2026-08-27 09:00
ORD-0477,SKU-001,12,2026-08-28 12:00
ORD-0477,SKU-015,1,2026-08-25 09:00
ORD-0477,SKU-018,2,2026-08-28 15:00
ORD-0478,SKU-024,2,2026-08-19 11:00
ORD-0478,SKU-021,1,2026-08-04 21:00
ORD-0478,SKU-026,1,2026-08-21 11:00
ORD-0478,SKU-023,1,2026-08-09 09:00
ORD-0478,SKU-002,4,2026-08-28 07:00
ORD-0478,SKU-007,1,2026-08-03 14:00
ORD-0479,SKU-027,1,2026-08-16 11:00
ORD-0479,SKU-009,1,2026-08-15 13:00
ORD-0479,SKU-012,1,2026-08-24 19:00
ORD-0480,SKU-025,1,2026-08-01 09:00
ORD-0481,SKU-024,1,2026-08-23 21:00
ORD-0481,SKU-025,1,2026-08-08 12:00
ORD-0481,SKU-012,1,2026-08-25 18:00
ORD-0482,SKU-021,8,2026-08-13 13:00
ORD-0482,SKU-010,2,2026-08-20 20:00
ORD-0482,SKU-022,2,2026-08-25 21:00
ORD-0482,SKU-009,1,2026-08-14 19:00
ORD-0483,SKU-022,1,2026-08-07 20:00
ORD-0483,SKU-019,8,2026-08-18 09:00
ORD-0484,SKU-022,2,2026-08-14 06:00
ORD-0485,SKU-009,2,2026-08-21 11:00
ORD-0486,SKU-016,4,2026-08-28 15:00
ORD-0486,SKU-014,4,2026-08-24 12:00
ORD-0487,SKU-021,2,2026-08-01 15:00
ORD-0487,SKU-001,2,2026-08-24 16:00
ORD-0488,SKU-020,1,2026-08-03 10:00
ORD-0488,SKU-002,4,2026-08-10 07:00
ORD-0488,SKU-026,1,2026-08-26 11:00
ORD-0488,SKU-004,1,2026-08-21 08:00
ORD-0488,SKU-030,1,2026-08-25 17:00
ORD-0489,SKU-006,2,2026-08-21 19:00
ORD-0489,SKU-029,1,2026-08-17 20:00
ORD-0489,SKU-010,2,2026-08-15 18:00
ORD-0489,SKU-004,2,2026-08-08 18:00
ORD-0489,SKU-007,1,2026-08-21 18:00
ORD-0489,SKU-013,2,2026-08-18 14:00
ORD-0490,SKU-019,1,2026-08-15 14:00
ORD-0491,SKU-005,2,2026-08-25 14:00
ORD-0491,SKU-012,1,2026-08-17 11:00
ORD-0492,SKU-005,8,2026-08-27 13:00
ORD-0492,SKU-004,2,2026-08-14 08:00
ORD-0492,SKU-002,2,2026-08-22 15:00
ORD-0492,SKU-030,2,2026-08-23 08:00
ORD-0493,SKU-030,4,2026-08-13 15:00
ORD-0494,SKU-023,4,2026-08-26 18:00
ORD-0494,SKU-012,1,2026-08-16 08:00
ORD-0494,SKU-001,1,2026-08-17 13:00
ORD-0494,SKU-021,1,2026-08-03 12:00
ORD-0494,SKU-020,2,2026-08-05 15:00
ORD-0495,SKU-015,1,2026-08-08 16:00
ORD-0495,SKU-027,12,2026-08-19 09:00
ORD-0495,SKU-018,8,2026-08-14 15:00
ORD-0495,SKU-020,1,2026-08-04 09:00
ORD-0496,SKU-003,2,2026-08-07 14:00
ORD-0496,SKU-022,2,2026-08-06 19:00
ORD-0496,SKU-001,1,2026-08-19 16:00
ORD-0496,SKU-010,2,2026-08-21 08:00
ORD-0497,SKU-026,2,2026-08-11 13:00
ORD-0498,SKU-004,1,2026-08-27 15:00
ORD-0498,SKU-024,1,2026-08-08 19:00
ORD-0498,SKU-030,8,2026-08-09 13:00
ORD-0499,SKU-015,1,2026-08-27 12:00
ORD-0499,SKU-005,12,2026-08-21 10:00
ORD-0499,SKU-026,4,2026-08-01 08:00
ORD-0499,SKU-009,8,2026-08-06 17:00
ORD-0500,SKU-023,2,2026-08-07 18:00
ORD-0500,SKU-015,1,2026-08-21 09:00
ORD-0500,SKU-010,4,2026-08-04 11:00
ORD-0001, sku-001 ,2,2026/08/01 08:00
